{
	"credit": "Made with Blockbench",
	"parent": "crossbow",
	"textures": {
		"0": "./pistolet1",
		"1": "./dulo",
		"2": "./zatvornik",
		"3": "./magazin",
		"4": "./glushitel",
		"5": "./prizel",
		"6": "./fonarik",
		"particle": "./pistolet1"
	},
	"elements": [
		{
			"name": "ручка",
			"from": [7.25, 1.5, 10],
			"to": [8.75, 7, 12.5],
			"rotation": {"angle": -22.5, "axis": "x", "origin": [8, 3, 10.25]},
			"faces": {
				"north": {"uv": [0, 0, 1.5, 5.5], "texture": "#0"},
				"east": {"uv": [0, 0, 2.5, 5.5], "texture": "#0"},
				"south": {"uv": [0, 0, 1.5, 5.5], "texture": "#0"},
				"west": {"uv": [2.5, 0, 0, 5.5], "texture": "#0"},
				"up": {"uv": [0, 0, 1.5, 2.5], "texture": "#0"},
				"down": {"uv": [0, 0, 1.5, 2.5], "texture": "#0"}
			}
		},
		{
			"name": "низ основа",
			"from": [7, 6, 3],
			"to": [9, 7, 12],
			"faces": {
				"north": {"uv": [4, 2, 6, 3], "texture": "#0"},
				"east": {"uv": [4, 0, 13, 1], "texture": "#0"},
				"south": {"uv": [4, 3, 6, 4], "texture": "#0"},
				"west": {"uv": [4, 1, 13, 2], "texture": "#0"},
				"up": {"uv": [2, 9, 0, 0], "texture": "#0"},
				"down": {"uv": [4, 0, 2, 9], "texture": "#0"}
			}
		},
		{
			"name": "курок б",
			"from": [7.5, 4, 6.5],
			"to": [8.5, 6, 7],
			"faces": {
				"north": {"uv": [0, 0, 1, 2], "texture": "#0"},
				"east": {"uv": [0, 0, 0.5, 2], "texture": "#0"},
				"south": {"uv": [0, 0, 1, 2], "texture": "#0"},
				"west": {"uv": [0, 0, 0.5, 2], "texture": "#0"},
				"up": {"uv": [0, 0, 1, 0.5], "texture": "#missing"},
				"down": {"uv": [0, 0, 1, 0.5], "texture": "#0"}
			}
		},
		{
			"name": "курок",
			"from": [7.5, 4, 7.9],
			"to": [8.5, 6, 8.4],
			"rotation": {"angle": 45, "axis": "x", "origin": [8, 5, 8.75]},
			"faces": {
				"north": {"uv": [0, 0, 1, 2], "texture": "#0"},
				"east": {"uv": [0, 0, 0.5, 2], "texture": "#0"},
				"south": {"uv": [0, 0, 1, 2], "texture": "#0"},
				"west": {"uv": [0, 0, 0.5, 2], "texture": "#0"},
				"up": {"uv": [0, 0, 1, 0.5], "texture": "#missing"},
				"down": {"uv": [0, 0, 1, 0.5], "texture": "#0"}
			}
		},
		{
			"name": "курок н",
			"from": [7.5, 4, 7],
			"to": [8.5, 4.25, 10.5],
			"rotation": {"angle": 0, "axis": "y", "origin": [8, 5, 6.5]},
			"faces": {
				"north": {"uv": [0, 0, 1, 0.25], "rotation": 180, "texture": "#missing"},
				"east": {"uv": [0, 0, 0.25, 3.5], "rotation": 270, "texture": "#0"},
				"south": {"uv": [0, 0, 1, 0.25], "texture": "#missing"},
				"west": {"uv": [0, 0, 0.25, 3.5], "rotation": 90, "texture": "#0"},
				"up": {"uv": [0, 0, 1, 3.5], "rotation": 180, "texture": "#0"},
				"down": {"uv": [0, 0, 1, 3.5], "texture": "#0"}
			}
		},
		{
			"from": [7.5, 6.25, 2.75],
			"to": [8.5, 8.25, 4],
			"faces": {
				"north": {"uv": [11, 0, 16, 8], "texture": "#1"},
				"east": {"uv": [8, 0, 4, 5], "texture": "#1"},
				"south": {"uv": [0, 2, 1, 4], "texture": "#1"},
				"west": {"uv": [4, 0, 8, 5], "texture": "#1"},
				"up": {"uv": [8, 11, 4, 6], "texture": "#1"},
				"down": {"uv": [8, 6, 4, 11], "texture": "#1"}
			}
		},
		{
			"name": "прицел х",
			"from": [7.7, 8.5, 4],
			"to": [8.3, 8.75, 4.7],
			"rotation": {"angle": 0, "axis": "y", "origin": [0, 0, 1]},
			"faces": {
				"north": {"uv": [5, 4, 6, 5], "texture": "#2"},
				"east": {"uv": [6, 5, 7, 6], "texture": "#2"},
				"south": {"uv": [12, 4, 14, 6], "texture": "#2"},
				"west": {"uv": [6, 3, 7, 4], "texture": "#2"},
				"up": {"uv": [7, 6, 6, 5], "texture": "#2"},
				"down": {"uv": [7, 5, 6, 6], "texture": "#2"}
			}
		},
		{
			"name": "прицел п",
			"from": [8.2, 8.25, 12.25],
			"to": [9.05, 8.75, 12.95],
			"rotation": {"angle": -22.5, "axis": "z", "origin": [8.5, 8.75, 12.6]},
			"faces": {
				"north": {"uv": [8, 5, 9, 6], "texture": "#2"},
				"east": {"uv": [7, 5, 8, 6], "texture": "#2"},
				"south": {"uv": [14, 10, 16, 12], "texture": "#2"},
				"west": {"uv": [14, 10, 16, 12], "rotation": 90, "texture": "#2"},
				"up": {"uv": [7, 6, 6, 5], "texture": "#2"},
				"down": {"uv": [10, 0, 9, 1], "texture": "#2"}
			}
		},
		{
			"name": "прицел л",
			"from": [6.95, 8.25, 12.25],
			"to": [7.8, 8.75, 12.95],
			"rotation": {"angle": 22.5, "axis": "z", "origin": [7.5, 8.75, 12.6]},
			"faces": {
				"north": {"uv": [7, 5, 8, 6], "texture": "#2"},
				"east": {"uv": [14, 10, 16, 12], "texture": "#2"},
				"south": {"uv": [11, 10, 13, 12], "texture": "#2"},
				"west": {"uv": [8, 4, 9, 5], "texture": "#2"},
				"up": {"uv": [7, 6, 6, 5], "texture": "#2"},
				"down": {"uv": [9, 5, 8, 6], "texture": "#2"}
			}
		},
		{
			"name": "затвор",
			"from": [7, 7, 4],
			"to": [9, 8.5, 13],
			"rotation": {"angle": 0, "axis": "y", "origin": [0, 0, 1]},
			"faces": {
				"north": {"uv": [5, 3, 7, 6], "rotation": 90, "texture": "#2"},
				"east": {"uv": [0, 0, 14, 3], "texture": "#2"},
				"south": {"uv": [6, 3, 8, 6], "rotation": 270, "texture": "#2"},
				"west": {"uv": [0, 0, 14, 3], "texture": "#2"},
				"up": {"uv": [14, 6, 0, 3], "rotation": 90, "texture": "#2"},
				"down": {"uv": [5, 6, 14, 3], "rotation": 90, "texture": "#2"}
			}
		},
		{
			"name": "магазин",
			"from": [7.5, 1, 10.25],
			"to": [8.5, 6.5, 12.25],
			"rotation": {"angle": -22.5, "axis": "x", "origin": [8, 3, 10.25]},
			"faces": {
				"north": {"uv": [11, 0, 15, 16], "texture": "#3"},
				"east": {"uv": [6, 0, 0, 16], "texture": "#3"},
				"south": {"uv": [11, 0, 15, 16], "texture": "#3"},
				"west": {"uv": [0, 0, 6, 16], "texture": "#3"},
				"up": {"uv": [10, 16, 6, 10], "texture": "#3"},
				"down": {"uv": [10, 10, 6, 16], "texture": "#3"}
			}
		},
		{
			"name": "silencer",
			"from": [7.25, 7, -3.75],
			"to": [8.75, 8.5, 2.25],
			"faces": {
				"north": {"uv": [0, 0, 3, 3], "texture": "#4"},
				"east": {"uv": [0, 0, 11, 3], "texture": "#4"},
				"south": {"uv": [0, 0, 3, 3], "texture": "#4"},
				"west": {"uv": [0, 0, 11, 3], "texture": "#4"},
				"up": {"uv": [0, 0, 11, 3], "rotation": 90, "texture": "#4"},
				"down": {"uv": [0, 0, 11, 3], "rotation": 90, "texture": "#4"}
			}
		},
		{
			"name": "silencer2",
			"from": [7.5, 7.25, 2.25],
			"to": [8.5, 8.25, 2.75],
			"faces": {
				"north": {"uv": [13, 1, 15, 3], "texture": "#4"},
				"east": {"uv": [13, 1, 15, 3], "texture": "#4"},
				"south": {"uv": [13, 1, 15, 3], "texture": "#4"},
				"west": {"uv": [13, 1, 15, 3], "texture": "#4"},
				"up": {"uv": [13, 1, 15, 3], "texture": "#4"},
				"down": {"uv": [13, 1, 15, 3], "texture": "#4"}
			}
		},
		{
			"name": "низ",
			"from": [7, 8.5, 10.25],
			"to": [9, 9, 12.25],
			"rotation": {"angle": 0, "axis": "y", "origin": [0, 0, 1]},
			"faces": {
				"north": {"uv": [2, 3, 6, 3.5], "texture": "#5"},
				"east": {"uv": [2, 3, 3, 6.5], "texture": "#5"},
				"south": {"uv": [2, 3, 6, 3.5], "texture": "#5"},
				"west": {"uv": [5, 3, 6, 6.5], "texture": "#5"},
				"up": {"uv": [2, 3, 6, 6.5], "texture": "#5"},
				"down": {"uv": [0, 0, 2, 0.5], "texture": "#5"}
			}
		},
		{
			"name": "точка",
			"from": [8, 9.25, 10.25],
			"to": [8.1, 9.35, 10.25],
			"rotation": {"angle": 0, "axis": "y", "origin": [0, 0, 1]},
			"faces": {
				"north": {"uv": [14, 8, 14.1, 8.1], "texture": "#2"},
				"east": {"uv": [0, 0, 0, 0.1], "texture": "#2"},
				"south": {"uv": [13, 7, 13.1, 7.1], "texture": "#2"},
				"west": {"uv": [13, 7, 13, 7.1], "texture": "#2"},
				"up": {"uv": [0, 0, 0.1, 0], "texture": "#2"},
				"down": {"uv": [0, 0, 0.1, 0], "texture": "#2"}
			}
		},
		{
			"name": "верх",
			"from": [7.25, 9.75, 10.75],
			"to": [8.75, 10, 11],
			"rotation": {"angle": 22.5, "axis": "x", "origin": [8, 9.875, 10.875]},
			"faces": {
				"north": {"uv": [0, 2, 1.25, 3.25], "rotation": 90, "texture": "#5"},
				"east": {"uv": [0, 2, 1.25, 3.25], "rotation": 90, "texture": "#5"},
				"south": {"uv": [0, 3, 7.8, 4.05], "texture": "#5"},
				"west": {"uv": [0, 2, 1.25, 3.25], "rotation": 90, "texture": "#5"},
				"up": {"uv": [0, 2, 1.25, 3.25], "rotation": 90, "texture": "#5"},
				"down": {"uv": [0, 2, 1.25, 3.25], "rotation": 90, "texture": "#5"}
			}
		},
		{
			"name": "бок",
			"from": [8.75, 8.5, 10.25],
			"to": [9, 9.75, 12.25],
			"rotation": {"angle": 22.5, "axis": "x", "origin": [8, 8.75, 11.25]},
			"faces": {
				"north": {"uv": [1, 0, 0, 4], "texture": "#5"},
				"east": {"uv": [0, 0, 4, 3], "texture": "#5"},
				"south": {"uv": [1, 0, 0, 4], "texture": "#5"},
				"west": {"uv": [4, 0, 0, 3], "texture": "#5"},
				"up": {"uv": [1, 0, 0, 4], "texture": "#5"},
				"down": {"uv": [1, 0, 0, 4], "texture": "#5"}
			}
		},
		{
			"name": "бок",
			"from": [7, 8.5, 10.25],
			"to": [7.25, 9.75, 12.25],
			"rotation": {"angle": 22.5, "axis": "x", "origin": [8, 8.75, 11.25]},
			"faces": {
				"north": {"uv": [1, 0, 0, 4], "texture": "#5"},
				"east": {"uv": [0, 0, 4, 3], "texture": "#5"},
				"south": {"uv": [1, 0, 0, 4], "texture": "#5"},
				"west": {"uv": [4, 0, 0, 3], "texture": "#5"},
				"up": {"uv": [1, 0, 0, 4], "texture": "#5"},
				"down": {"uv": [1, 0, 0, 4], "texture": "#5"}
			}
		},
		{
			"name": "фонарик",
			"from": [7.25, 4, 3],
			"to": [8.75, 6, 6.5],
			"faces": {
				"north": {"uv": [8, 0, 12, 5], "texture": "#6"},
				"east": {"uv": [0, 0, 6, 4], "texture": "#6"},
				"south": {"uv": [1, 0, 4, 4], "texture": "#6"},
				"west": {"uv": [0, 0, 6, 4], "texture": "#6"},
				"up": {"uv": [6, 3, 0, 0], "rotation": 270, "texture": "#6"},
				"down": {"uv": [5, 0, 2, 3], "texture": "#6"}
			}
		}
	],
	"display": {
		"thirdperson_righthand": {
			"translation": [0, 1.25, -1.75],
			"scale": [0.75, 0.75, 0.75]
		},
		"thirdperson_lefthand": {
			"translation": [0, 1.25, -1.75],
			"scale": [0.75, 0.75, 0.75]
		},
		"firstperson_righthand": {
			"rotation": [-8.2, 18.22, 0.66],
			"translation": [1.75, 3.25, -1.75],
			"scale": [0.75, 0.75, 0.75]
		},
		"firstperson_lefthand": {
			"rotation": [-8.2, 18.22, 0.66],
			"translation": [1.75, 3.25, -1.75],
			"scale": [0.75, 0.75, 0.75]
		},
		"ground": {
			"rotation": [0, 0, 90]
		},
		"gui": {
			"rotation": [-159.26, 27.29, 178.87],
			"translation": [0, 0.25, 0]
		},
		"fixed": {
			"rotation": [0, 90, 0],
			"translation": [0, 0, -1]
		}
	},
	"groups": [
		{
			"name": "цельная часть",
			"origin": [8, 3, 10.25],
			"color": 0,
			"children": [0, 1, 2, 3, 4, 5]
		},
		{
			"name": "затворник",
			"origin": [0, 0, 0],
			"color": 0,
			"children": [6, 7, 8, 9]
		},
		10,
		{
			"name": "silencer",
			"origin": [0, 0, 0],
			"color": 0,
			"children": [11, 12]
		},
		{
			"name": "прицел",
			"origin": [8, 8, 8],
			"color": 0,
			"children": [13, 14, 15, 16, 17]
		},
		{
			"name": "фонарик",
			"origin": [8, 8, 8],
			"color": 0,
			"children": [18]
		}
	]
}