-- phpMyAdmin SQL Dump
-- version 5.2.1deb3
-- https://www.phpmyadmin.net/
--
-- Хост: localhost:3306
-- Время создания: Июн 02 2026 г., 23:20
-- Версия сервера: 10.11.13-MariaDB-0ubuntu0.24.04.1-log
-- Версия PHP: 8.3.6

SET SQL_MODE = "NO_AUTO_VALUE_ON_ZERO";
START TRANSACTION;
SET time_zone = "+00:00";


/*!40101 SET @OLD_CHARACTER_SET_CLIENT=@@CHARACTER_SET_CLIENT */;
/*!40101 SET @OLD_CHARACTER_SET_RESULTS=@@CHARACTER_SET_RESULTS */;
/*!40101 SET @OLD_COLLATION_CONNECTION=@@COLLATION_CONNECTION */;
/*!40101 SET NAMES utf8mb4 */;

--
-- База данных: `s5893_minecraft_stats`
--

-- --------------------------------------------------------

--
-- Структура таблицы `games`
--

CREATE TABLE `games` (
  `id` int(11) NOT NULL,
  `played_at` datetime NOT NULL DEFAULT current_timestamp(),
  `winner` tinyint(4) NOT NULL COMMENT '0 = выжившие, 1 = маньяки',
  `survivors_count` int(11) NOT NULL,
  `maniacs_count` int(11) NOT NULL
) ENGINE=InnoDB DEFAULT CHARSET=utf8mb4 COLLATE=utf8mb4_general_ci;

--
-- Дамп данных таблицы `games`
--

INSERT INTO `games` (`id`, `played_at`, `winner`, `survivors_count`, `maniacs_count`) VALUES
(12, '2026-04-04 12:39:42', 1, 1, 1),
(13, '2026-04-04 16:25:20', 1, 3, 1),
(14, '2026-04-04 16:32:21', 0, 3, 1),
(15, '2026-04-04 16:43:02', 0, 3, 1),
(16, '2026-04-04 17:09:00', 0, 4, 1),
(17, '2026-04-04 17:19:10', 1, 3, 2),
(18, '2026-04-04 17:26:21', 0, 4, 1),
(19, '2026-04-04 17:38:04', 1, 4, 1),
(20, '2026-04-04 17:38:04', 0, 4, 1),
(21, '2026-04-04 17:41:11', 0, 3, 1),
(22, '2026-04-04 17:50:49', 0, 3, 1),
(23, '2026-04-08 12:30:42', 1, 2, 1),
(25, '2026-04-21 17:00:51', 0, 3, 1),
(26, '2026-04-21 17:12:48', 1, 3, 1),
(27, '2026-04-21 17:29:44', 0, 3, 1),
(28, '2026-04-21 17:39:35', 1, 3, 1),
(29, '2026-04-21 17:47:21', 1, 3, 1),
(32, '2026-05-11 11:03:24', 0, 3, 1),
(33, '2026-05-11 11:11:02', 0, 3, 1),
(34, '2026-05-11 11:21:35', 1, 3, 1),
(35, '2026-05-11 11:30:12', 1, 3, 1),
(36, '2026-05-11 11:37:13', 1, 3, 1),
(37, '2026-05-11 11:45:02', 1, 3, 1),
(38, '2026-05-11 11:53:11', 1, 3, 1),
(39, '2026-05-11 12:47:09', 1, 1, 1),
(42, '2026-05-11 15:12:07', 1, 1, 1),
(43, '2026-05-11 15:22:16', 1, 2, 1),
(45, '2026-05-11 15:39:54', 1, 1, 1),
(46, '2026-05-12 07:07:54', 1, 1, 1),
(47, '2026-05-12 07:10:43', 1, 1, 1),
(48, '2026-05-12 07:14:44', 1, 1, 1),
(49, '2026-05-12 07:26:02', 1, 1, 1),
(50, '2026-05-12 15:32:33', 1, 1, 1),
(51, '2026-05-12 15:40:58', 1, 1, 1),
(53, '2026-05-13 20:15:19', 1, 1, 1),
(55, '2026-05-13 20:37:48', 1, 1, 1),
(56, '2026-05-13 20:43:30', 1, 1, 1),
(57, '2026-05-13 20:47:32', 1, 1, 1),
(58, '2026-05-13 20:51:38', 1, 1, 1),
(59, '2026-05-14 05:59:34', 1, 1, 1),
(60, '2026-05-14 06:06:51', 1, 1, 1),
(61, '2026-05-14 06:09:50', 1, 1, 1),
(62, '2026-05-14 06:14:12', 1, 1, 1),
(63, '2026-05-14 06:19:12', 1, 1, 1),
(64, '2026-05-14 06:26:22', 1, 1, 1),
(69, '2026-05-14 16:47:45', 1, 9, 1),
(70, '2026-05-14 16:57:51', 0, 8, 1),
(71, '2026-05-14 17:17:36', 0, 8, 1),
(72, '2026-05-14 17:26:11', 1, 5, 1),
(74, '2026-05-15 14:31:54', 1, 1, 1),
(75, '2026-05-15 14:35:19', 1, 1, 1),
(77, '2026-05-15 14:44:32', 1, 2, 1),
(79, '2026-05-15 14:49:38', 1, 2, 1),
(80, '2026-05-15 14:59:58', 1, 2, 1),
(81, '2026-05-15 15:05:04', 1, 2, 1),
(82, '2026-05-15 15:11:07', 1, 2, 1),
(91, '2026-05-16 20:43:32', 1, 2, 1),
(92, '2026-05-16 20:53:17', 1, 2, 1),
(93, '2026-05-16 21:05:22', 1, 2, 1),
(94, '2026-05-16 21:11:42', 1, 2, 1),
(95, '2026-05-17 10:43:17', 1, 1, 1),
(96, '2026-05-17 10:47:15', 1, 1, 1),
(97, '2026-05-17 10:49:00', 1, 1, 1),
(98, '2026-05-17 10:50:34', 0, 1, 1),
(99, '2026-05-17 10:53:10', 1, 1, 1),
(100, '2026-05-17 10:55:13', 1, 1, 1),
(101, '2026-05-17 10:58:10', 1, 1, 1),
(102, '2026-05-17 11:00:25', 1, 1, 1),
(103, '2026-05-17 11:03:49', 1, 1, 1),
(104, '2026-05-17 11:05:52', 1, 1, 1),
(105, '2026-05-17 11:09:32', 1, 1, 1),
(106, '2026-05-17 11:16:30', 1, 1, 1),
(107, '2026-05-17 11:18:16', 1, 1, 1),
(108, '2026-05-17 11:21:35', 1, 1, 1),
(109, '2026-05-17 11:23:01', 1, 1, 1),
(110, '2026-05-17 11:27:20', 1, 1, 1),
(111, '2026-05-20 18:19:58', 1, 3, 1),
(112, '2026-05-21 11:03:43', 0, 3, 1),
(113, '2026-05-21 11:16:03', 1, 3, 1),
(114, '2026-05-21 21:58:33', 1, 1, 1),
(115, '2026-05-21 22:11:06', 0, 1, 1),
(116, '2026-05-21 22:24:41', 1, 1, 1),
(117, '2026-05-21 22:32:54', 1, 1, 1),
(118, '2026-05-22 12:23:55', 1, 1, 1),
(119, '2026-05-22 12:28:16', 1, 1, 1),
(120, '2026-05-22 12:40:58', 1, 1, 1),
(121, '2026-05-22 16:53:12', 1, 1, 1),
(123, '2026-05-23 17:58:23', 1, 3, 1),
(124, '2026-05-23 18:46:34', 0, 2, 1),
(125, '2026-05-24 10:42:28', 1, 1, 1),
(126, '2026-05-24 16:10:40', 1, 1, 1),
(127, '2026-05-24 16:16:35', 1, 1, 1),
(132, '2026-05-28 15:22:12', 1, 2, 1),
(133, '2026-05-28 15:29:57', 1, 2, 1),
(134, '2026-05-28 15:39:13', 1, 2, 1),
(135, '2026-05-30 10:33:08', 0, 2, 1),
(136, '2026-05-30 16:55:07', 1, 1, 1),
(137, '2026-05-30 17:09:54', 1, 2, 1),
(138, '2026-05-30 17:19:31', 0, 2, 1),
(139, '2026-05-30 17:27:07', 1, 2, 1),
(140, '2026-05-30 17:35:54', 1, 1, 1),
(141, '2026-05-30 17:39:35', 1, 1, 1),
(143, '2026-06-01 15:33:00', 1, 2, 1),
(144, '2026-06-01 15:48:13', 1, 2, 1),
(147, '2026-06-02 14:36:15', 1, 1, 1),
(148, '2026-06-02 14:42:57', 1, 1, 1),
(149, '2026-06-02 14:46:15', 1, 1, 1),
(150, '2026-06-02 14:49:53', 1, 1, 1),
(151, '2026-06-02 15:00:35', 1, 1, 1),
(152, '2026-06-02 15:03:28', 1, 1, 1),
(153, '2026-06-02 15:08:51', 1, 1, 1),
(154, '2026-06-02 15:24:30', 1, 1, 1),
(155, '2026-06-02 15:51:01', 1, 1, 1),
(156, '2026-06-02 15:56:13', 1, 1, 1),
(157, '2026-06-02 16:01:16', 1, 1, 1),
(158, '2026-06-02 16:27:35', 1, 1, 1),
(159, '2026-06-02 16:29:50', 1, 1, 1),
(160, '2026-06-02 16:43:21', 1, 1, 1),
(161, '2026-06-02 16:54:28', 1, 1, 1),
(162, '2026-06-02 17:00:58', 1, 1, 1),
(163, '2026-06-02 17:03:49', 1, 1, 1),
(164, '2026-06-02 17:07:48', 1, 1, 1),
(165, '2026-06-02 17:11:53', 1, 1, 1),
(166, '2026-06-02 17:14:50', 1, 1, 1),
(167, '2026-06-02 17:27:07', 1, 1, 1),
(168, '2026-06-02 17:30:04', 1, 1, 1),
(169, '2026-06-02 17:35:54', 1, 1, 1),
(170, '2026-06-02 17:37:46', 1, 1, 1),
(171, '2026-06-02 17:49:06', 1, 1, 1),
(172, '2026-06-02 17:52:06', 1, 1, 1);

-- --------------------------------------------------------

--
-- Структура таблицы `game_classes`
--

CREATE TABLE `game_classes` (
  `id` int(11) NOT NULL,
  `game_id` int(11) NOT NULL,
  `team` tinyint(4) NOT NULL COMMENT '0 = выжившие, 1 = маньяки',
  `class_id` int(11) NOT NULL,
  `count` int(11) NOT NULL DEFAULT 1
) ENGINE=InnoDB DEFAULT CHARSET=utf8mb4 COLLATE=utf8mb4_general_ci;

--
-- Дамп данных таблицы `game_classes`
--

INSERT INTO `game_classes` (`id`, `game_id`, `team`, `class_id`, `count`) VALUES
(15, 12, 0, 1, 1),
(16, 12, 1, 7, 1),
(17, 13, 0, 2, 1),
(18, 13, 0, 3, 1),
(19, 13, 0, 4, 1),
(20, 13, 1, 12, 1),
(21, 14, 0, 2, 1),
(22, 14, 0, 4, 2),
(23, 14, 1, 9, 1),
(24, 15, 0, 2, 1),
(25, 15, 0, 3, 2),
(26, 15, 1, 7, 1),
(27, 16, 0, 2, 1),
(28, 16, 0, 3, 1),
(29, 16, 0, 4, 2),
(30, 16, 1, 12, 1),
(31, 17, 0, 3, 1),
(32, 17, 0, 4, 2),
(33, 17, 1, 5, 1),
(34, 17, 1, 6, 1),
(35, 18, 0, 2, 1),
(36, 18, 0, 4, 1),
(37, 18, 0, 10, 2),
(38, 18, 1, 9, 1),
(39, 19, 0, 1, 1),
(40, 20, 0, 1, 1),
(41, 19, 0, 4, 2),
(42, 20, 0, 4, 2),
(43, 19, 0, 10, 1),
(44, 20, 0, 10, 1),
(45, 19, 1, 7, 1),
(46, 20, 1, 7, 1),
(47, 21, 0, 10, 3),
(48, 21, 1, 6, 1),
(49, 22, 0, 4, 1),
(50, 22, 0, 10, 2),
(51, 22, 1, 8, 1),
(52, 23, 0, 4, 1),
(54, 25, 0, 3, 1),
(55, 25, 0, 10, 2),
(56, 25, 1, 9, 1),
(57, 26, 0, 3, 1),
(58, 26, 0, 4, 1),
(59, 26, 0, 10, 1),
(60, 26, 1, 9, 1),
(61, 27, 0, 4, 1),
(62, 27, 0, 10, 2),
(63, 27, 1, 9, 1),
(64, 28, 0, 2, 1),
(65, 28, 0, 10, 2),
(66, 28, 1, 8, 1),
(67, 29, 0, 4, 2),
(68, 29, 0, 10, 1),
(69, 29, 1, 8, 1),
(72, 32, 0, 3, 1),
(73, 32, 0, 10, 1),
(74, 32, 0, 11, 1),
(75, 32, 1, 12, 1),
(76, 33, 0, 2, 1),
(77, 33, 0, 3, 1),
(78, 33, 0, 4, 1),
(79, 33, 1, 7, 1),
(80, 34, 0, 3, 1),
(81, 34, 0, 4, 1),
(82, 34, 0, 10, 1),
(83, 34, 1, 9, 1),
(84, 35, 0, 1, 1),
(85, 35, 0, 3, 1),
(86, 35, 0, 4, 1),
(87, 35, 1, 7, 1),
(88, 36, 0, 3, 1),
(89, 36, 0, 4, 1),
(90, 36, 0, 11, 1),
(91, 36, 1, 6, 1),
(92, 37, 0, 1, 1),
(93, 37, 0, 3, 1),
(94, 37, 0, 10, 1),
(95, 37, 1, 6, 1),
(96, 38, 0, 1, 1),
(97, 38, 0, 3, 1),
(98, 38, 0, 10, 1),
(99, 38, 1, 7, 1),
(100, 39, 0, 3, 1),
(101, 39, 1, 9, 1),
(104, 42, 0, 2, 1),
(105, 43, 0, 10, 1),
(106, 43, 1, 6, 1),
(108, 45, 0, 4, 1),
(109, 45, 1, 5, 1),
(110, 46, 0, 10, 1),
(111, 46, 1, 7, 1),
(112, 47, 0, 1, 1),
(113, 47, 1, 5, 1),
(114, 48, 0, 10, 1),
(115, 48, 1, 12, 1),
(116, 49, 0, 4, 1),
(117, 49, 1, 5, 1),
(118, 50, 0, 3, 1),
(119, 50, 1, 6, 1),
(120, 51, 0, 4, 1),
(121, 51, 1, 7, 1),
(123, 53, 0, 3, 1),
(124, 53, 1, 5, 1),
(126, 55, 0, 4, 1),
(127, 55, 1, 7, 1),
(128, 56, 0, 10, 1),
(129, 56, 1, 9, 1),
(130, 57, 0, 3, 1),
(131, 57, 1, 8, 1),
(132, 58, 0, 10, 1),
(133, 58, 1, 7, 1),
(134, 59, 0, 2, 1),
(135, 59, 1, 6, 1),
(136, 60, 0, 4, 1),
(137, 60, 1, 9, 1),
(138, 61, 0, 4, 1),
(139, 61, 1, 12, 1),
(140, 62, 0, 10, 1),
(141, 62, 1, 5, 1),
(142, 63, 0, 4, 1),
(143, 63, 1, 9, 1),
(144, 64, 0, 4, 1),
(145, 64, 1, 9, 1),
(150, 69, 0, 1, 2),
(151, 69, 0, 3, 2),
(152, 69, 0, 4, 1),
(153, 69, 0, 10, 3),
(154, 69, 0, 11, 1),
(155, 69, 1, 6, 1),
(156, 70, 0, 3, 1),
(157, 70, 0, 10, 4),
(158, 70, 0, 11, 3),
(159, 70, 1, 8, 1),
(160, 71, 0, 2, 1),
(161, 71, 0, 3, 1),
(162, 71, 0, 4, 1),
(163, 71, 0, 10, 5),
(164, 71, 1, 8, 1),
(165, 72, 0, 3, 2),
(166, 72, 0, 10, 3),
(167, 72, 1, 9, 1),
(169, 74, 0, 10, 1),
(170, 74, 1, 12, 1),
(171, 75, 0, 10, 1),
(172, 75, 1, 7, 1),
(175, 77, 0, 3, 1),
(176, 77, 0, 11, 1),
(177, 77, 1, 9, 1),
(180, 79, 0, 3, 1),
(181, 79, 0, 4, 1),
(182, 79, 1, 5, 1),
(183, 80, 0, 4, 2),
(184, 80, 1, 12, 1),
(185, 81, 0, 4, 1),
(186, 81, 0, 10, 1),
(187, 81, 1, 6, 1),
(188, 82, 0, 3, 1),
(189, 82, 0, 4, 1),
(190, 82, 1, 5, 1),
(206, 91, 0, 1, 1),
(207, 91, 0, 10, 1),
(208, 91, 1, 6, 1),
(209, 92, 0, 1, 1),
(210, 92, 0, 4, 1),
(211, 92, 1, 7, 1),
(212, 93, 0, 4, 1),
(213, 93, 0, 10, 1),
(214, 93, 1, 5, 1),
(215, 94, 0, 3, 1),
(216, 94, 0, 10, 1),
(217, 94, 1, 6, 1),
(218, 95, 0, 2, 1),
(219, 95, 1, 5, 1),
(220, 96, 0, 1, 1),
(221, 96, 1, 5, 1),
(222, 97, 0, 10, 1),
(223, 97, 1, 12, 1),
(224, 98, 0, 10, 1),
(225, 98, 1, 9, 1),
(226, 99, 0, 3, 1),
(227, 99, 1, 6, 1),
(228, 100, 0, 2, 1),
(229, 100, 1, 5, 1),
(230, 101, 0, 1, 1),
(231, 101, 1, 7, 1),
(232, 102, 0, 11, 1),
(233, 102, 1, 7, 1),
(234, 103, 0, 3, 1),
(235, 103, 1, 9, 1),
(236, 104, 0, 11, 1),
(237, 104, 1, 7, 1),
(238, 105, 0, 3, 1),
(239, 105, 1, 8, 1),
(240, 106, 0, 4, 1),
(241, 106, 1, 8, 1),
(242, 107, 0, 4, 1),
(243, 107, 1, 8, 1),
(244, 108, 0, 10, 1),
(245, 108, 1, 12, 1),
(246, 109, 0, 2, 1),
(247, 109, 1, 8, 1),
(248, 110, 0, 3, 1),
(249, 110, 1, 12, 1),
(250, 111, 0, 3, 1),
(251, 111, 0, 10, 1),
(252, 111, 0, 11, 1),
(253, 111, 1, 12, 1),
(254, 112, 0, 1, 2),
(255, 112, 0, 4, 1),
(256, 112, 1, 5, 1),
(257, 113, 0, 2, 1),
(258, 113, 0, 4, 1),
(259, 113, 0, 10, 1),
(260, 113, 1, 5, 1),
(261, 114, 0, 1, 1),
(262, 114, 1, 12, 1),
(263, 115, 0, 10, 1),
(264, 115, 1, 5, 1),
(265, 116, 0, 2, 1),
(266, 116, 1, 8, 1),
(267, 117, 0, 1, 1),
(268, 117, 1, 7, 1),
(269, 118, 0, 10, 1),
(270, 118, 1, 9, 1),
(271, 119, 0, 1, 1),
(272, 119, 1, 8, 1),
(273, 120, 0, 10, 1),
(274, 120, 1, 6, 1),
(275, 121, 0, 1, 1),
(276, 121, 1, 12, 1),
(278, 123, 0, 3, 1),
(279, 123, 0, 10, 2),
(280, 123, 1, 6, 1),
(281, 124, 0, 1, 1),
(282, 124, 0, 11, 1),
(283, 124, 1, 12, 1),
(284, 125, 0, 10, 1),
(285, 125, 1, 12, 1),
(286, 126, 0, 10, 1),
(287, 126, 1, 7, 1),
(288, 127, 0, 1, 1),
(289, 127, 1, 6, 1),
(294, 132, 0, 4, 1),
(295, 132, 0, 10, 1),
(296, 132, 1, 6, 1),
(297, 133, 0, 2, 1),
(298, 133, 0, 3, 1),
(299, 133, 1, 7, 1),
(300, 134, 0, 4, 1),
(301, 134, 0, 10, 1),
(302, 134, 1, 8, 1),
(303, 135, 0, 3, 1),
(304, 135, 0, 11, 1),
(305, 135, 1, 6, 1),
(306, 136, 0, 11, 1),
(307, 136, 1, 9, 1),
(308, 137, 0, 10, 1),
(309, 137, 0, 11, 1),
(310, 137, 1, 12, 1),
(311, 138, 0, 3, 1),
(312, 138, 0, 10, 1),
(313, 138, 1, 7, 1),
(314, 139, 0, 3, 1),
(315, 139, 0, 10, 1),
(316, 139, 1, 5, 1),
(317, 140, 0, 4, 1),
(318, 140, 1, 7, 1),
(319, 141, 0, 10, 1),
(320, 141, 1, 8, 1),
(322, 143, 0, 3, 2),
(323, 143, 1, 7, 1),
(324, 144, 0, 3, 1),
(325, 144, 0, 10, 1),
(326, 144, 1, 5, 1),
(329, 147, 0, 10, 1),
(330, 147, 1, 12, 1),
(331, 148, 0, 2, 1),
(332, 148, 1, 5, 1),
(333, 149, 0, 11, 1),
(334, 149, 1, 7, 1),
(335, 150, 0, 4, 1),
(336, 150, 1, 6, 1),
(337, 151, 0, 4, 1),
(338, 151, 1, 9, 1),
(339, 152, 0, 2, 1),
(340, 152, 1, 8, 1),
(341, 153, 0, 11, 1),
(342, 153, 1, 6, 1),
(343, 154, 0, 11, 1),
(344, 154, 1, 12, 1),
(345, 155, 0, 4, 1),
(346, 155, 1, 5, 1),
(347, 156, 0, 3, 1),
(348, 156, 1, 9, 1),
(349, 157, 0, 3, 1),
(350, 157, 1, 12, 1),
(351, 158, 0, 4, 1),
(352, 158, 1, 9, 1),
(353, 159, 0, 10, 1),
(354, 159, 1, 6, 1),
(355, 160, 0, 1, 1),
(356, 160, 1, 5, 1),
(357, 161, 0, 4, 1),
(358, 161, 1, 5, 1),
(359, 162, 0, 2, 1),
(360, 162, 1, 8, 1),
(361, 163, 0, 4, 1),
(362, 163, 1, 8, 1),
(363, 164, 0, 10, 1),
(364, 164, 1, 8, 1),
(365, 165, 0, 3, 1),
(366, 165, 1, 9, 1),
(367, 166, 0, 4, 1),
(368, 166, 1, 9, 1),
(369, 167, 0, 11, 1),
(370, 167, 1, 8, 1),
(371, 168, 0, 4, 1),
(372, 168, 1, 6, 1),
(373, 169, 0, 11, 1),
(374, 169, 1, 8, 1),
(375, 170, 0, 11, 1),
(376, 170, 1, 12, 1),
(377, 171, 0, 11, 1),
(378, 171, 1, 12, 1),
(379, 172, 0, 11, 1),
(380, 172, 1, 7, 1);

-- --------------------------------------------------------

--
-- Структура таблицы `game_perks`
--

CREATE TABLE `game_perks` (
  `id` int(11) NOT NULL,
  `game_id` int(11) NOT NULL,
  `team` tinyint(4) NOT NULL COMMENT '0 = выжившие, 1 = маньяки',
  `perk_id` int(11) NOT NULL,
  `count` int(11) NOT NULL DEFAULT 1
) ENGINE=InnoDB DEFAULT CHARSET=utf8mb4 COLLATE=utf8mb4_general_ci;

--
-- Дамп данных таблицы `game_perks`
--

INSERT INTO `game_perks` (`id`, `game_id`, `team`, `perk_id`, `count`) VALUES
(22, 12, 0, 1, 1),
(23, 12, 0, 3, 1),
(24, 12, 1, 3, 1),
(25, 12, 1, 23, 1),
(26, 13, 0, 1, 1),
(27, 13, 0, 2, 1),
(28, 13, 0, 3, 1),
(29, 13, 0, 25, 2),
(30, 13, 0, 29, 1),
(31, 13, 1, 3, 1),
(32, 13, 1, 21, 1),
(33, 14, 0, 2, 1),
(34, 14, 0, 9, 1),
(35, 14, 0, 25, 1),
(36, 14, 0, 26, 1),
(37, 14, 0, 11, 2),
(38, 14, 1, 19, 1),
(39, 14, 1, 3, 1),
(40, 15, 0, 3, 2),
(41, 15, 0, 6, 1),
(42, 15, 0, 25, 1),
(43, 15, 0, 9, 1),
(44, 15, 0, 27, 1),
(45, 15, 1, 3, 1),
(46, 15, 1, 15, 1),
(47, 16, 0, 3, 2),
(48, 16, 0, 26, 1),
(49, 16, 0, 27, 1),
(50, 16, 0, 11, 2),
(51, 16, 0, 28, 1),
(52, 16, 0, 12, 1),
(53, 16, 1, 3, 1),
(54, 16, 1, 6, 1),
(55, 17, 0, 6, 1),
(56, 17, 0, 8, 1),
(57, 17, 0, 25, 1),
(58, 17, 0, 27, 1),
(59, 17, 0, 11, 2),
(60, 17, 1, 19, 2),
(61, 17, 1, 3, 1),
(62, 17, 1, 21, 1),
(63, 18, 0, 3, 2),
(64, 18, 0, 8, 1),
(65, 18, 0, 11, 1),
(66, 18, 0, 27, 3),
(67, 18, 0, 12, 1),
(68, 18, 1, 3, 1),
(69, 18, 1, 15, 1),
(70, 19, 0, 3, 2),
(71, 20, 0, 3, 2),
(72, 19, 0, 8, 1),
(73, 20, 0, 8, 1),
(74, 19, 0, 9, 1),
(75, 20, 0, 9, 1),
(76, 19, 0, 27, 2),
(77, 20, 0, 27, 2),
(78, 19, 0, 11, 2),
(79, 20, 0, 11, 2),
(80, 19, 1, 3, 1),
(81, 20, 1, 3, 1),
(82, 19, 1, 21, 1),
(83, 20, 1, 21, 1),
(84, 21, 0, 3, 1),
(85, 21, 0, 6, 1),
(86, 21, 0, 8, 2),
(87, 21, 0, 27, 2),
(88, 22, 0, 6, 1),
(89, 22, 0, 8, 2),
(90, 22, 0, 11, 1),
(91, 22, 0, 27, 2),
(92, 22, 1, 3, 1),
(93, 22, 1, 21, 1),
(94, 23, 0, 1, 1),
(95, 23, 0, 3, 1),
(96, 23, 0, 6, 1),
(97, 23, 0, 11, 1),
(98, 23, 1, 6, 1),
(99, 23, 1, 26, 1),
(100, 25, 0, 7, 1),
(101, 25, 0, 8, 1),
(102, 25, 0, 25, 1),
(103, 25, 0, 27, 1),
(104, 25, 0, 12, 2),
(105, 25, 1, 21, 1),
(106, 25, 1, 15, 1),
(107, 26, 0, 3, 1),
(108, 26, 0, 6, 2),
(109, 26, 0, 26, 1),
(110, 26, 0, 27, 1),
(111, 26, 0, 12, 1),
(112, 26, 1, 19, 1),
(113, 26, 1, 21, 1),
(114, 27, 0, 3, 2),
(115, 27, 0, 6, 1),
(116, 27, 0, 8, 1),
(117, 27, 0, 26, 1),
(118, 27, 0, 27, 1),
(119, 27, 1, 3, 1),
(120, 27, 1, 21, 1),
(121, 28, 0, 18, 1),
(122, 28, 0, 3, 1),
(123, 28, 0, 8, 1),
(124, 28, 0, 27, 2),
(125, 28, 0, 12, 1),
(126, 28, 1, 21, 1),
(127, 28, 1, 15, 1),
(128, 29, 0, 18, 1),
(129, 29, 0, 25, 1),
(130, 29, 0, 11, 1),
(131, 29, 0, 27, 1),
(132, 29, 0, 28, 1),
(133, 29, 0, 12, 1),
(134, 29, 1, 3, 1),
(135, 29, 1, 15, 1),
(137, 32, 0, 3, 1),
(138, 32, 0, 7, 1),
(139, 32, 0, 8, 1),
(140, 32, 0, 24, 1),
(141, 32, 0, 10, 1),
(142, 32, 0, 12, 1),
(143, 32, 1, 19, 1),
(144, 32, 1, 3, 1),
(145, 33, 0, 4, 1),
(146, 33, 0, 8, 1),
(147, 33, 0, 9, 2),
(148, 33, 0, 10, 1),
(149, 33, 0, 11, 1),
(150, 33, 1, 16, 1),
(151, 33, 1, 22, 1),
(152, 34, 0, 3, 1),
(153, 34, 0, 4, 1),
(154, 34, 0, 8, 1),
(155, 34, 0, 24, 1),
(156, 34, 0, 28, 1),
(157, 34, 0, 12, 1),
(158, 34, 1, 17, 1),
(159, 34, 1, 15, 1),
(160, 35, 0, 3, 1),
(161, 35, 0, 24, 1),
(162, 35, 0, 9, 1),
(163, 35, 0, 11, 1),
(164, 35, 0, 12, 1),
(165, 35, 0, 29, 1),
(166, 35, 1, 16, 1),
(167, 35, 1, 21, 1),
(168, 36, 0, 3, 1),
(169, 36, 0, 4, 1),
(170, 36, 0, 5, 1),
(171, 36, 0, 9, 1),
(172, 36, 0, 12, 2),
(173, 36, 1, 17, 1),
(174, 36, 1, 15, 1),
(175, 37, 0, 8, 1),
(176, 37, 0, 25, 1),
(177, 37, 0, 9, 2),
(178, 37, 0, 12, 2),
(179, 37, 1, 16, 1),
(180, 37, 1, 18, 1),
(181, 38, 0, 3, 1),
(182, 38, 0, 8, 1),
(183, 38, 0, 9, 2),
(184, 38, 0, 12, 2),
(185, 38, 1, 22, 1),
(186, 38, 1, 13, 1),
(187, 39, 0, 5, 1),
(188, 39, 0, 10, 1),
(189, 39, 1, 1, 1),
(190, 39, 1, 2, 1),
(193, 42, 0, 2, 1),
(194, 42, 0, 27, 1),
(195, 42, 1, 3, 1),
(196, 42, 1, 13, 1),
(197, 43, 0, 1, 1),
(198, 43, 0, 2, 1),
(199, 43, 0, 3, 1),
(200, 43, 0, 25, 1),
(201, 43, 1, 19, 1),
(202, 43, 1, 14, 1),
(206, 45, 0, 3, 1),
(207, 45, 0, 8, 1),
(208, 45, 1, 19, 1),
(209, 45, 1, 3, 1),
(210, 46, 0, 12, 1),
(211, 46, 1, 1, 1),
(212, 46, 1, 4, 1),
(213, 47, 0, 4, 1),
(214, 47, 1, 17, 1),
(215, 48, 0, 25, 1),
(216, 48, 1, 17, 1),
(217, 48, 1, 4, 1),
(218, 49, 0, 27, 1),
(219, 49, 1, 19, 1),
(220, 50, 0, 9, 1),
(221, 50, 0, 12, 1),
(222, 50, 1, 3, 1),
(223, 51, 0, 3, 1),
(224, 51, 0, 12, 1),
(225, 51, 1, 17, 1),
(226, 51, 1, 13, 1),
(229, 53, 0, 1, 1),
(230, 53, 0, 2, 1),
(231, 53, 1, 1, 1),
(232, 53, 1, 6, 1),
(235, 55, 0, 2, 1),
(236, 55, 0, 24, 1),
(237, 55, 1, 17, 1),
(238, 55, 1, 4, 1),
(239, 56, 0, 11, 1),
(240, 56, 0, 12, 1),
(241, 56, 1, 16, 1),
(242, 56, 1, 6, 1),
(243, 57, 0, 9, 1),
(244, 57, 1, 17, 1),
(245, 57, 1, 5, 1),
(246, 58, 0, 8, 1),
(247, 58, 0, 9, 1),
(248, 58, 1, 20, 1),
(249, 58, 1, 5, 1),
(250, 59, 0, 8, 1),
(251, 59, 0, 9, 1),
(252, 59, 1, 23, 1),
(253, 60, 0, 8, 1),
(254, 60, 0, 27, 1),
(255, 60, 1, 20, 1),
(256, 60, 1, 13, 1),
(257, 61, 0, 1, 1),
(258, 61, 0, 7, 1),
(259, 61, 1, 17, 1),
(260, 61, 1, 13, 1),
(261, 62, 0, 9, 1),
(262, 62, 0, 27, 1),
(263, 62, 1, 1, 1),
(264, 62, 1, 13, 1),
(265, 63, 0, 1, 1),
(266, 63, 0, 2, 1),
(267, 63, 1, 17, 1),
(268, 63, 1, 13, 1),
(269, 64, 0, 9, 1),
(270, 64, 0, 29, 1),
(271, 64, 1, 1, 1),
(272, 64, 1, 2, 1),
(281, 69, 0, 1, 3),
(282, 69, 0, 2, 2),
(283, 69, 0, 4, 1),
(284, 69, 0, 5, 2),
(285, 69, 0, 9, 1),
(286, 69, 0, 10, 2),
(287, 69, 0, 11, 1),
(288, 69, 0, 12, 1),
(289, 69, 0, 28, 1),
(290, 69, 0, 29, 1),
(291, 69, 1, 20, 1),
(292, 69, 1, 4, 1),
(293, 70, 0, 18, 2),
(294, 70, 0, 3, 1),
(295, 70, 0, 4, 2),
(296, 70, 0, 8, 1),
(297, 70, 0, 25, 1),
(298, 70, 0, 9, 3),
(299, 70, 0, 10, 1),
(300, 70, 0, 11, 1),
(301, 70, 0, 28, 2),
(302, 70, 1, 17, 1),
(303, 70, 1, 13, 1),
(304, 71, 0, 2, 1),
(305, 71, 0, 3, 2),
(306, 71, 0, 4, 1),
(307, 71, 0, 25, 2),
(308, 71, 0, 9, 3),
(309, 71, 0, 10, 2),
(310, 71, 0, 11, 1),
(311, 71, 0, 12, 1),
(312, 71, 0, 29, 2),
(313, 71, 1, 20, 1),
(314, 72, 0, 3, 3),
(315, 72, 0, 4, 1),
(316, 72, 0, 9, 1),
(317, 72, 0, 10, 1),
(318, 72, 0, 27, 1),
(319, 72, 0, 12, 1),
(320, 72, 1, 17, 1),
(321, 72, 1, 13, 1),
(323, 74, 0, 24, 1),
(324, 74, 0, 11, 1),
(325, 74, 1, 21, 1),
(326, 75, 0, 3, 1),
(327, 75, 0, 26, 1),
(328, 75, 1, 17, 1),
(329, 75, 1, 14, 1),
(334, 77, 0, 26, 1),
(335, 77, 0, 11, 1),
(336, 77, 1, 3, 1),
(337, 77, 1, 20, 1),
(342, 79, 0, 12, 1),
(343, 79, 0, 29, 1),
(344, 79, 1, 3, 1),
(345, 79, 1, 13, 1),
(346, 80, 0, 26, 1),
(347, 80, 0, 11, 2),
(348, 80, 0, 12, 1),
(349, 80, 1, 20, 1),
(350, 80, 1, 7, 1),
(351, 81, 0, 3, 1),
(352, 81, 0, 26, 1),
(353, 81, 0, 11, 1),
(354, 81, 0, 12, 1),
(355, 81, 1, 22, 1),
(356, 81, 1, 13, 1),
(357, 82, 0, 10, 1),
(358, 82, 0, 27, 1),
(359, 82, 0, 12, 1),
(360, 82, 0, 28, 1),
(361, 82, 1, 17, 1),
(362, 82, 1, 6, 1),
(391, 91, 0, 18, 1),
(392, 91, 0, 3, 1),
(393, 91, 0, 7, 1),
(394, 91, 0, 9, 1),
(395, 91, 1, 16, 1),
(396, 91, 1, 4, 1),
(397, 92, 0, 3, 1),
(398, 92, 0, 4, 1),
(399, 92, 0, 7, 1),
(400, 92, 0, 25, 1),
(401, 92, 1, 17, 1),
(402, 92, 1, 15, 1),
(403, 93, 0, 3, 1),
(404, 93, 0, 7, 1),
(405, 93, 0, 9, 1),
(406, 93, 0, 10, 1),
(407, 93, 1, 17, 1),
(408, 93, 1, 3, 1),
(409, 94, 0, 6, 1),
(410, 94, 0, 9, 1),
(411, 94, 0, 11, 1),
(412, 94, 0, 29, 1),
(413, 94, 1, 17, 1),
(414, 94, 1, 6, 1),
(415, 95, 0, 3, 1),
(416, 95, 0, 12, 1),
(417, 95, 1, 3, 1),
(418, 95, 1, 13, 1),
(419, 96, 0, 4, 1),
(420, 96, 0, 5, 1),
(421, 96, 1, 17, 1),
(422, 96, 1, 3, 1),
(423, 97, 0, 3, 1),
(424, 97, 0, 9, 1),
(425, 97, 1, 17, 1),
(426, 97, 1, 13, 1),
(427, 98, 0, 24, 1),
(428, 98, 0, 12, 1),
(429, 98, 1, 4, 1),
(430, 98, 1, 14, 1),
(431, 99, 0, 4, 1),
(432, 99, 0, 5, 1),
(433, 99, 1, 17, 1),
(434, 99, 1, 23, 1),
(435, 100, 0, 12, 1),
(436, 100, 0, 29, 1),
(437, 100, 1, 2, 1),
(438, 100, 1, 3, 1),
(439, 101, 0, 6, 1),
(440, 101, 0, 10, 1),
(441, 101, 1, 6, 1),
(442, 101, 1, 15, 1),
(443, 102, 0, 5, 1),
(444, 102, 0, 8, 1),
(445, 102, 1, 3, 1),
(446, 102, 1, 15, 1),
(447, 103, 0, 10, 1),
(448, 103, 0, 11, 1),
(449, 103, 1, 17, 1),
(450, 103, 1, 22, 1),
(451, 104, 0, 9, 1),
(452, 104, 0, 11, 1),
(453, 104, 1, 13, 1),
(454, 104, 1, 14, 1),
(455, 105, 0, 3, 1),
(456, 105, 0, 26, 1),
(457, 105, 1, 20, 1),
(458, 105, 1, 6, 1),
(459, 106, 0, 5, 1),
(460, 106, 0, 12, 1),
(461, 106, 1, 20, 1),
(462, 106, 1, 21, 1),
(463, 107, 0, 2, 1),
(464, 107, 0, 3, 1),
(465, 107, 1, 17, 1),
(466, 107, 1, 23, 1),
(467, 108, 0, 2, 1),
(468, 108, 0, 5, 1),
(469, 108, 1, 3, 1),
(470, 108, 1, 4, 1),
(471, 109, 0, 3, 1),
(472, 109, 0, 9, 1),
(473, 109, 1, 3, 1),
(474, 109, 1, 22, 1),
(475, 110, 0, 24, 1),
(476, 110, 0, 9, 1),
(477, 110, 1, 3, 1),
(478, 110, 1, 7, 1),
(479, 111, 0, 18, 1),
(480, 111, 0, 3, 2),
(481, 111, 0, 24, 1),
(482, 111, 0, 9, 1),
(483, 111, 0, 28, 1),
(484, 111, 1, 16, 1),
(485, 111, 1, 23, 1),
(486, 112, 0, 3, 2),
(487, 112, 0, 4, 1),
(488, 112, 0, 5, 1),
(489, 112, 0, 25, 1),
(490, 112, 1, 7, 1),
(491, 113, 0, 18, 1),
(492, 113, 0, 3, 1),
(493, 113, 0, 4, 2),
(494, 113, 1, 3, 1),
(495, 113, 1, 5, 1),
(496, 114, 0, 3, 1),
(497, 114, 0, 7, 1),
(498, 114, 1, 2, 1),
(499, 114, 1, 4, 1),
(500, 115, 0, 18, 1),
(501, 115, 0, 12, 1),
(502, 115, 1, 17, 1),
(503, 115, 1, 13, 1),
(504, 116, 0, 3, 1),
(505, 116, 0, 12, 1),
(506, 116, 1, 17, 1),
(507, 116, 1, 13, 1),
(508, 117, 0, 7, 1),
(509, 117, 0, 12, 1),
(510, 117, 1, 17, 1),
(511, 117, 1, 22, 1),
(512, 118, 0, 3, 1),
(513, 118, 0, 9, 1),
(514, 118, 1, 17, 1),
(515, 118, 1, 13, 1),
(516, 119, 0, 3, 1),
(517, 119, 0, 12, 1),
(518, 119, 1, 17, 1),
(519, 119, 1, 22, 1),
(520, 120, 0, 3, 1),
(521, 120, 0, 11, 1),
(522, 120, 1, 17, 1),
(523, 120, 1, 13, 1),
(524, 121, 0, 8, 1),
(525, 121, 0, 9, 1),
(526, 121, 1, 21, 1),
(527, 121, 1, 23, 1),
(530, 123, 0, 1, 1),
(531, 123, 0, 3, 2),
(532, 123, 0, 9, 1),
(533, 123, 0, 12, 1),
(534, 123, 1, 13, 1),
(535, 123, 1, 15, 1),
(536, 124, 0, 4, 1),
(537, 124, 0, 5, 1),
(538, 124, 0, 8, 1),
(539, 125, 0, 26, 1),
(540, 125, 0, 12, 1),
(541, 125, 1, 7, 1),
(542, 125, 1, 13, 1),
(543, 126, 0, 9, 1),
(544, 126, 1, 3, 1),
(545, 126, 1, 19, 1),
(546, 127, 0, 3, 1),
(547, 127, 0, 9, 1),
(548, 127, 1, 13, 1),
(549, 127, 1, 15, 1),
(556, 132, 0, 3, 2),
(557, 132, 0, 9, 1),
(558, 132, 0, 29, 1),
(559, 132, 1, 1, 1),
(560, 132, 1, 7, 1),
(561, 133, 0, 18, 1),
(562, 133, 0, 9, 1),
(563, 133, 0, 12, 2),
(564, 133, 1, 3, 1),
(565, 133, 1, 22, 1),
(566, 134, 0, 3, 1),
(567, 134, 0, 9, 2),
(568, 134, 0, 12, 1),
(569, 134, 1, 17, 1),
(570, 134, 1, 6, 1),
(571, 135, 0, 2, 2),
(572, 135, 0, 3, 1),
(573, 135, 1, 1, 1),
(574, 135, 1, 4, 1),
(575, 136, 0, 1, 1),
(576, 136, 0, 5, 1),
(577, 136, 1, 15, 1),
(578, 137, 0, 3, 1),
(579, 137, 0, 9, 1),
(580, 137, 0, 10, 1),
(581, 137, 0, 11, 1),
(582, 137, 1, 16, 1),
(583, 137, 1, 3, 1),
(584, 138, 0, 3, 1),
(585, 138, 0, 8, 1),
(586, 138, 0, 25, 1),
(587, 138, 0, 10, 1),
(588, 139, 0, 2, 1),
(589, 139, 0, 3, 2),
(590, 139, 0, 11, 1),
(591, 139, 1, 15, 1),
(592, 140, 0, 9, 1),
(593, 140, 0, 10, 1),
(594, 140, 1, 3, 1),
(595, 140, 1, 13, 1),
(596, 141, 0, 3, 1),
(597, 141, 0, 11, 1),
(598, 141, 1, 15, 1),
(600, 143, 0, 18, 1),
(601, 143, 0, 4, 1),
(602, 143, 0, 7, 1),
(603, 143, 1, 17, 1),
(604, 143, 1, 3, 1),
(605, 144, 0, 18, 1),
(606, 144, 0, 4, 1),
(607, 144, 0, 25, 1),
(608, 144, 0, 12, 1),
(609, 144, 1, 5, 1),
(610, 144, 1, 14, 1),
(615, 147, 0, 3, 1),
(616, 147, 1, 1, 1),
(617, 147, 1, 3, 1),
(618, 148, 0, 3, 1),
(619, 148, 0, 9, 1),
(620, 148, 1, 5, 1),
(621, 148, 1, 7, 1),
(622, 149, 0, 1, 1),
(623, 149, 0, 3, 1),
(624, 149, 1, 3, 1),
(625, 149, 1, 4, 1),
(626, 150, 0, 3, 1),
(627, 150, 0, 4, 1),
(628, 150, 1, 1, 1),
(629, 150, 1, 3, 1),
(630, 151, 0, 1, 1),
(631, 151, 0, 2, 1),
(632, 151, 1, 3, 1),
(633, 151, 1, 4, 1),
(634, 152, 0, 1, 1),
(635, 152, 0, 3, 1),
(636, 152, 1, 1, 1),
(637, 152, 1, 13, 1),
(638, 153, 0, 1, 1),
(639, 153, 0, 11, 1),
(640, 153, 1, 1, 1),
(641, 153, 1, 3, 1),
(642, 154, 0, 1, 1),
(643, 154, 0, 3, 1),
(644, 154, 1, 16, 1),
(645, 154, 1, 1, 1),
(646, 155, 0, 1, 1),
(647, 155, 0, 11, 1),
(648, 155, 1, 1, 1),
(649, 155, 1, 3, 1),
(650, 156, 0, 1, 1),
(651, 156, 0, 3, 1),
(652, 156, 1, 16, 1),
(653, 156, 1, 17, 1),
(654, 157, 0, 1, 1),
(655, 157, 0, 3, 1),
(656, 157, 1, 22, 1),
(657, 157, 1, 13, 1),
(658, 158, 0, 8, 1),
(659, 158, 0, 11, 1),
(660, 158, 1, 16, 1),
(661, 158, 1, 1, 1),
(662, 159, 0, 1, 1),
(663, 159, 0, 3, 1),
(664, 159, 1, 22, 1),
(665, 159, 1, 15, 1),
(666, 160, 0, 1, 1),
(667, 160, 0, 3, 1),
(668, 160, 1, 16, 1),
(669, 160, 1, 22, 1),
(670, 161, 0, 3, 1),
(671, 161, 0, 11, 1),
(672, 161, 1, 17, 1),
(673, 161, 1, 1, 1),
(674, 162, 0, 1, 1),
(675, 162, 0, 3, 1),
(676, 162, 1, 22, 1),
(677, 162, 1, 15, 1),
(678, 163, 0, 26, 1),
(679, 163, 0, 11, 1),
(680, 163, 1, 1, 1),
(681, 163, 1, 17, 1),
(682, 164, 0, 26, 1),
(683, 164, 0, 11, 1),
(684, 164, 1, 17, 1),
(685, 164, 1, 1, 1),
(686, 165, 0, 1, 1),
(687, 165, 0, 3, 1),
(688, 165, 1, 16, 1),
(689, 165, 1, 15, 1),
(690, 166, 0, 1, 1),
(691, 166, 0, 3, 1),
(692, 166, 1, 22, 1),
(693, 166, 1, 15, 1),
(694, 167, 0, 3, 1),
(695, 167, 0, 11, 1),
(696, 167, 1, 1, 1),
(697, 167, 1, 15, 1),
(698, 168, 0, 1, 1),
(699, 168, 0, 3, 1),
(700, 168, 1, 16, 1),
(701, 168, 1, 15, 1),
(702, 169, 0, 3, 1),
(703, 169, 0, 11, 1),
(704, 169, 1, 1, 1),
(705, 169, 1, 15, 1),
(706, 170, 0, 1, 1),
(707, 170, 0, 3, 1),
(708, 170, 1, 22, 1),
(709, 170, 1, 15, 1),
(710, 171, 0, 3, 1),
(711, 171, 0, 11, 1),
(712, 171, 1, 17, 1),
(713, 171, 1, 1, 1),
(714, 172, 0, 1, 1),
(715, 172, 0, 3, 1),
(716, 172, 1, 3, 1),
(717, 172, 1, 22, 1);

-- --------------------------------------------------------

--
-- Структура таблицы `ref_classes`
--

CREATE TABLE `ref_classes` (
  `id` int(11) NOT NULL,
  `name` varchar(64) NOT NULL
) ENGINE=InnoDB DEFAULT CHARSET=utf8mb4 COLLATE=utf8mb4_general_ci;

--
-- Дамп данных таблицы `ref_classes`
--

INSERT INTO `ref_classes` (`id`, `name`) VALUES
(1, 'alchemist'),
(2, 'shaman'),
(3, 'mefedronshchik'),
(4, 'scientist'),
(5, 'agent'),
(6, 'pudge'),
(7, 'death'),
(8, 'ursa'),
(9, 'plague_doctor'),
(10, 'necromancer'),
(11, 'doctor'),
(12, 'freddy_bear');

-- --------------------------------------------------------

--
-- Структура таблицы `ref_perks`
--

CREATE TABLE `ref_perks` (
  `id` int(11) NOT NULL,
  `name` varchar(64) NOT NULL
) ENGINE=InnoDB DEFAULT CHARSET=utf8mb4 COLLATE=utf8mb4_general_ci;

--
-- Дамп данных таблицы `ref_perks`
--

INSERT INTO `ref_perks` (`id`, `name`) VALUES
(1, 'bigmoney'),
(2, 'megamind'),
(3, 'gto_medal'),
(4, 'fear_wave'),
(5, 'str_perk'),
(6, 'mana_break'),
(7, 'hedgehog_skin'),
(8, 'mimic'),
(9, 'wallhack'),
(10, 'last_breath'),
(11, 'quick_reflexes'),
(12, 'blindness'),
(13, 'bloodflow'),
(14, 'i_am_speed'),
(15, 'catch_mistakes'),
(16, 'computer_breaker'),
(17, 'highlight'),
(18, 'football_fan'),
(19, 'ejection'),
(20, 'family_discord'),
(21, 'griefer'),
(22, 'guiding_light'),
(23, 'silence'),
(24, 'altruist_exe'),
(25, 'dutch_helm'),
(26, 'idealych'),
(27, 'independence'),
(28, 'magic_lover'),
(29, 'mental_bond');

--
-- Индексы сохранённых таблиц
--

--
-- Индексы таблицы `games`
--
ALTER TABLE `games`
  ADD PRIMARY KEY (`id`);

--
-- Индексы таблицы `game_classes`
--
ALTER TABLE `game_classes`
  ADD PRIMARY KEY (`id`),
  ADD KEY `game_id` (`game_id`);

--
-- Индексы таблицы `game_perks`
--
ALTER TABLE `game_perks`
  ADD PRIMARY KEY (`id`),
  ADD KEY `game_id` (`game_id`);

--
-- Индексы таблицы `ref_classes`
--
ALTER TABLE `ref_classes`
  ADD PRIMARY KEY (`id`);

--
-- Индексы таблицы `ref_perks`
--
ALTER TABLE `ref_perks`
  ADD PRIMARY KEY (`id`);

--
-- AUTO_INCREMENT для сохранённых таблиц
--

--
-- AUTO_INCREMENT для таблицы `games`
--
ALTER TABLE `games`
  MODIFY `id` int(11) NOT NULL AUTO_INCREMENT, AUTO_INCREMENT=174;

--
-- AUTO_INCREMENT для таблицы `game_classes`
--
ALTER TABLE `game_classes`
  MODIFY `id` int(11) NOT NULL AUTO_INCREMENT, AUTO_INCREMENT=382;

--
-- AUTO_INCREMENT для таблицы `game_perks`
--
ALTER TABLE `game_perks`
  MODIFY `id` int(11) NOT NULL AUTO_INCREMENT, AUTO_INCREMENT=718;

--
-- Ограничения внешнего ключа сохраненных таблиц
--

--
-- Ограничения внешнего ключа таблицы `game_classes`
--
ALTER TABLE `game_classes`
  ADD CONSTRAINT `game_classes_ibfk_1` FOREIGN KEY (`game_id`) REFERENCES `games` (`id`) ON DELETE CASCADE;

--
-- Ограничения внешнего ключа таблицы `game_perks`
--
ALTER TABLE `game_perks`
  ADD CONSTRAINT `game_perks_ibfk_1` FOREIGN KEY (`game_id`) REFERENCES `games` (`id`) ON DELETE CASCADE;
COMMIT;

/*!40101 SET CHARACTER_SET_CLIENT=@OLD_CHARACTER_SET_CLIENT */;
/*!40101 SET CHARACTER_SET_RESULTS=@OLD_CHARACTER_SET_RESULTS */;
/*!40101 SET COLLATION_CONNECTION=@OLD_COLLATION_CONNECTION */;
