{
  "minecraft:recipes/decorations/crafting_table": {
    "criteria": {
      "unlock_right_away": "2024-10-15 20:43:17 +0200"
    },
    "done": true
  },
  "minecraft:adventure/adventuring_time": {
    "criteria": {
      "minecraft:windswept_hills": "2024-10-15 20:43:18 +0200"
    },
    "done": false
  },
  "minecraft:adventure/root": {
    "criteria": {
      "killed_by_something": "2024-10-15 20:56:13 +0200"
    },
    "done": true
  },
  "minecraft:recipes/transportation/cherry_boat": {
    "criteria": {
      "in_water": "2024-10-15 21:00:23 +0200"
    },
    "done": true
  },
  "minecraft:recipes/transportation/bamboo_raft": {
    "criteria": {
      "in_water": "2024-10-15 21:00:23 +0200"
    },
    "done": true
  },
  "minecraft:recipes/transportation/spruce_boat": {
    "criteria": {
      "in_water": "2024-10-15 21:00:23 +0200"
    },
    "done": true
  },
  "minecraft:recipes/transportation/birch_boat": {
    "criteria": {
      "in_water": "2024-10-15 21:00:23 +0200"
    },
    "done": true
  },
  "minecraft:recipes/transportation/oak_boat": {
    "criteria": {
      "in_water": "2024-10-15 21:00:23 +0200"
    },
    "done": true
  },
  "minecraft:recipes/transportation/mangrove_boat": {
    "criteria": {
      "in_water": "2024-10-15 21:00:23 +0200"
    },
    "done": true
  },
  "minecraft:recipes/transportation/acacia_boat": {
    "criteria": {
      "in_water": "2024-10-15 21:00:23 +0200"
    },
    "done": true
  },
  "minecraft:recipes/transportation/jungle_boat": {
    "criteria": {
      "in_water": "2024-10-15 21:00:23 +0200"
    },
    "done": true
  },
  "minecraft:recipes/transportation/dark_oak_boat": {
    "criteria": {
      "in_water": "2024-10-15 21:00:23 +0200"
    },
    "done": true
  },
  "securitycraft:recipes/misc/keycard_lv5_reset": {
    "criteria": {
      "has_keycard": "2024-10-15 21:03:11 +0200"
    },
    "done": true
  },
  "minecraft:recipes/misc/book": {
    "criteria": {
      "has_paper": "2024-10-15 21:03:58 +0200"
    },
    "done": true
  },
  "minecraft:recipes/decorations/cartography_table": {
    "criteria": {
      "has_paper": "2024-10-15 21:03:58 +0200"
    },
    "done": true
  },
  "minecraft:recipes/misc/iron_nugget_from_smelting": {
    "criteria": {
      "has_chainmail_chestplate": "2024-10-15 21:12:01 +0200"
    },
    "done": true
  },
  "minecraft:recipes/misc/iron_nugget_from_blasting": {
    "criteria": {
      "has_chainmail_chestplate": "2024-10-15 21:12:01 +0200"
    },
    "done": true
  },
  "minecraft:recipes/decorations/ladder": {
    "criteria": {
      "has_stick": "2024-10-15 21:32:19 +0200"
    },
    "done": true
  },
  "securitycraft:recipes/redstone/reinforced_birch_fence_gate": {
    "criteria": {
      "has_stick": "2024-10-15 21:32:19 +0200"
    },
    "done": true
  },
  "securitycraft:recipes/redstone/reinforced_crimson_fence_gate": {
    "criteria": {
      "has_stick": "2024-10-15 21:32:19 +0200"
    },
    "done": true
  },
  "securitycraft:recipes/misc/motion_activated_light": {
    "criteria": {
      "has_stick": "2024-10-15 21:32:19 +0200"
    },
    "done": true
  },
  "securitycraft:recipes/redstone/reinforced_jungle_fence_gate": {
    "criteria": {
      "has_stick": "2024-10-15 21:32:19 +0200"
    },
    "done": true
  },
  "minecraft:recipes/tools/wooden_axe": {
    "criteria": {
      "has_stick": "2024-10-15 21:32:19 +0200"
    },
    "done": true
  },
  "securitycraft:recipes/redstone/reinforced_spruce_fence_gate": {
    "criteria": {
      "has_stick": "2024-10-15 21:32:19 +0200"
    },
    "done": true
  },
  "securitycraft:recipes/misc/reinforced_jungle_fence": {
    "criteria": {
      "has_stick": "2024-10-15 21:32:19 +0200"
    },
    "done": true
  },
  "securitycraft:recipes/misc/reinforced_warped_fence": {
    "criteria": {
      "has_stick": "2024-10-15 21:32:19 +0200"
    },
    "done": true
  },
  "securitycraft:recipes/redstone/reinforced_cherry_fence_gate": {
    "criteria": {
      "has_stick": "2024-10-15 21:32:19 +0200"
    },
    "done": true
  },
  "securitycraft:recipes/misc/reinforced_acacia_fence": {
    "criteria": {
      "has_stick": "2024-10-15 21:32:19 +0200"
    },
    "done": true
  },
  "securitycraft:recipes/redstone/reinforced_acacia_fence_gate": {
    "criteria": {
      "has_stick": "2024-10-15 21:32:19 +0200"
    },
    "done": true
  },
  "securitycraft:recipes/misc/reinforced_cherry_fence": {
    "criteria": {
      "has_stick": "2024-10-15 21:32:19 +0200"
    },
    "done": true
  },
  "securitycraft:recipes/redstone/reinforced_bamboo_fence_gate": {
    "criteria": {
      "has_stick": "2024-10-15 21:32:19 +0200"
    },
    "done": true
  },
  "securitycraft:recipes/redstone/reinforced_warped_fence_gate": {
    "criteria": {
      "has_stick": "2024-10-15 21:32:19 +0200"
    },
    "done": true
  },
  "minecraft:recipes/decorations/campfire": {
    "criteria": {
      "has_stick": "2024-10-15 21:32:19 +0200"
    },
    "done": true
  },
  "minecraft:recipes/tools/wooden_hoe": {
    "criteria": {
      "has_stick": "2024-10-15 21:32:19 +0200"
    },
    "done": true
  },
  "minecraft:recipes/tools/wooden_pickaxe": {
    "criteria": {
      "has_stick": "2024-10-15 21:32:19 +0200"
    },
    "done": true
  },
  "securitycraft:recipes/misc/sonic_security_system": {
    "criteria": {
      "has_stick": "2024-10-15 21:32:19 +0200"
    },
    "done": true
  },
  "securitycraft:recipes/redstone/reinforced_mangrove_fence_gate": {
    "criteria": {
      "has_stick": "2024-10-15 21:32:19 +0200"
    },
    "done": true
  },
  "minecraft:recipes/tools/wooden_shovel": {
    "criteria": {
      "has_stick": "2024-10-15 21:32:19 +0200"
    },
    "done": true
  },
  "securitycraft:recipes/misc/reinforced_mangrove_fence": {
    "criteria": {
      "has_stick": "2024-10-15 21:32:19 +0200"
    },
    "done": true
  },
  "securitycraft:recipes/redstone/reinforced_dark_oak_fence_gate": {
    "criteria": {
      "has_stick": "2024-10-15 21:32:19 +0200"
    },
    "done": true
  },
  "minecraft:recipes/combat/wooden_sword": {
    "criteria": {
      "has_stick": "2024-10-15 21:32:19 +0200"
    },
    "done": true
  },
  "securitycraft:recipes/misc/reinforced_birch_fence": {
    "criteria": {
      "has_stick": "2024-10-15 21:32:19 +0200"
    },
    "done": true
  },
  "securitycraft:recipes/misc/reinforced_dark_oak_fence": {
    "criteria": {
      "has_stick": "2024-10-15 21:32:19 +0200"
    },
    "done": true
  },
  "securitycraft:recipes/misc/reinforced_oak_fence": {
    "criteria": {
      "has_stick": "2024-10-15 21:32:19 +0200"
    },
    "done": true
  },
  "securitycraft:recipes/redstone/reinforced_oak_fence_gate": {
    "criteria": {
      "has_stick": "2024-10-15 21:32:19 +0200"
    },
    "done": true
  },
  "securitycraft:recipes/misc/reinforced_bamboo_fence": {
    "criteria": {
      "has_stick": "2024-10-15 21:32:19 +0200"
    },
    "done": true
  },
  "securitycraft:recipes/misc/reinforced_crimson_fence": {
    "criteria": {
      "has_stick": "2024-10-15 21:32:19 +0200"
    },
    "done": true
  },
  "securitycraft:recipes/misc/reinforced_spruce_fence": {
    "criteria": {
      "has_stick": "2024-10-15 21:32:19 +0200"
    },
    "done": true
  },
  "minecraft:recipes/building_blocks/jack_o_lantern": {
    "criteria": {
      "has_carved_pumpkin": "2024-10-19 21:04:58 +0200"
    },
    "done": true
  },
  "minecraft:recipes/food/pumpkin_pie": {
    "criteria": {
      "has_carved_pumpkin": "2024-10-19 21:04:58 +0200"
    },
    "done": true
  },
  "minecraft:adventure/throw_trident": {
    "criteria": {
      "shot_trident": "2024-10-19 21:39:18 +0200"
    },
    "done": true
  },
  "minecraft:recipes/decorations/chest": {
    "criteria": {
      "has_lots_of_items": "2024-10-19 22:04:23 +0200"
    },
    "done": true
  },
  "minecraft:adventure/ol_betsy": {
    "criteria": {
      "shot_crossbow": "2024-10-19 22:26:27 +0200"
    },
    "done": true
  },
  "minecraft:husbandry/root": {
    "criteria": {
      "consumed_item": "2024-10-19 22:29:51 +0200"
    },
    "done": true
  },
  "minecraft:husbandry/balanced_diet": {
    "criteria": {
      "golden_apple": "2024-10-19 22:29:51 +0200"
    },
    "done": false
  },
  "immersive_armors:recipes/misc/warrior": {
    "criteria": {
      "has_item": "2024-10-23 19:49:57 +0200"
    },
    "done": true
  },
  "spartanweaponry:recipes/studded_cestus": {
    "criteria": {
      "has_cestus": "2024-10-23 19:52:14 +0200"
    },
    "done": true
  },
  "spartanweaponry:cestus": {
    "criteria": {
      "has_cestus": "2024-10-23 19:52:14 +0200"
    },
    "done": true
  },
  "spartanweaponry:scythe": {
    "criteria": {
      "has_scythe": "2024-10-23 19:57:43 +0200"
    },
    "done": true
  },
  "immersive_armors:recipes/misc/divine": {
    "criteria": {
      "has_item": "2024-10-23 19:57:43 +0200"
    },
    "done": true
  },
  "minecraft:adventure/avoid_vibration": {
    "criteria": {
      "avoid_vibration": "2024-10-23 20:05:41 +0200"
    },
    "done": true
  },
  "spartanweaponry:recipes/small_arrow_quiver": {
    "criteria": {
      "has_arrow": "2024-10-23 20:31:29 +0200"
    },
    "done": true
  },
  "minecraft:adventure/walk_on_powder_snow_with_leather_boots": {
    "criteria": {
      "walk_on_powder_snow_with_leather_boots": "2024-10-23 20:50:11 +0200"
    },
    "done": true
  },
  "spartanweaponry:recipes/grease_ball": {
    "criteria": {
      "has_meat": "2024-10-23 20:57:10 +0200"
    },
    "done": true
  },
  "minecraft:recipes/food/cooked_porkchop_from_campfire_cooking": {
    "criteria": {
      "has_porkchop": "2024-10-23 20:57:10 +0200"
    },
    "done": true
  },
  "minecraft:recipes/food/cooked_porkchop": {
    "criteria": {
      "has_porkchop": "2024-10-23 20:57:10 +0200"
    },
    "done": true
  },
  "minecraft:recipes/food/cooked_porkchop_from_smoking": {
    "criteria": {
      "has_porkchop": "2024-10-23 20:57:10 +0200"
    },
    "done": true
  },
  "spartanweaponry:pike": {
    "criteria": {
      "has_pike": "2024-11-08 18:43:13 +0200"
    },
    "done": true
  },
  "spartanweaponry:katana": {
    "criteria": {
      "has_katana": "2024-11-08 18:44:06 +0200"
    },
    "done": true
  },
  "spartanweaponry:boomerang": {
    "criteria": {
      "has_boomerang": "2024-11-08 18:46:18 +0200"
    },
    "done": true
  },
  "minecraft:adventure/sleep_in_bed": {
    "criteria": {
      "slept_in_bed": "2024-11-08 19:51:40 +0200"
    },
    "done": true
  },
  "spartanweaponry:greatsword": {
    "criteria": {
      "has_greatsword": "2024-11-08 21:06:59 +0200"
    },
    "done": true
  },
  "spartanweaponry:lance": {
    "criteria": {
      "has_lance": "2024-11-08 21:06:59 +0200"
    },
    "done": true
  },
  "spartanweaponry:parrying_dagger": {
    "criteria": {
      "has_parrying_dagger": "2024-11-08 21:22:55 +0200"
    },
    "done": true
  },
  "secretdoors:recipes/decorations/secret_quartz_block_door": {
    "criteria": {
      "has_quartz_block": "2025-04-06 17:41:07 +0200"
    },
    "done": true
  },
  "minecraft:recipes/building_blocks/quartz_slab": {
    "criteria": {
      "has_quartz_block": "2025-04-06 17:41:07 +0200"
    },
    "done": true
  },
  "minecraft:recipes/building_blocks/quartz_bricks": {
    "criteria": {
      "has_quartz_block": "2025-04-06 17:41:07 +0200"
    },
    "done": true
  },
  "secretdoors:recipes/decorations/secret_quartz_block_trapdoor": {
    "criteria": {
      "has_quartz_block": "2025-04-06 17:41:07 +0200"
    },
    "done": true
  },
  "minecraft:recipes/building_blocks/quartz_pillar_from_quartz_block_stonecutting": {
    "criteria": {
      "has_quartz_block": "2025-04-06 17:41:07 +0200"
    },
    "done": true
  },
  "minecraft:recipes/building_blocks/quartz_pillar": {
    "criteria": {
      "has_quartz_block": "2025-04-06 17:41:07 +0200"
    },
    "done": true
  },
  "minecraft:recipes/building_blocks/quartz_stairs_from_quartz_block_stonecutting": {
    "criteria": {
      "has_quartz_block": "2025-04-06 17:41:07 +0200"
    },
    "done": true
  },
  "minecraft:recipes/building_blocks/quartz_stairs": {
    "criteria": {
      "has_quartz_block": "2025-04-06 17:41:07 +0200"
    },
    "done": true
  },
  "minecraft:recipes/building_blocks/smooth_quartz": {
    "criteria": {
      "has_quartz_block": "2025-04-06 17:41:07 +0200"
    },
    "done": true
  },
  "minecraft:recipes/building_blocks/chiseled_quartz_block": {
    "criteria": {
      "has_quartz_block": "2025-04-06 17:41:07 +0200"
    },
    "done": true
  },
  "minecraft:recipes/building_blocks/quartz_bricks_from_quartz_block_stonecutting": {
    "criteria": {
      "has_quartz_block": "2025-04-06 17:41:07 +0200"
    },
    "done": true
  },
  "minecraft:recipes/building_blocks/chiseled_quartz_block_from_quartz_block_stonecutting": {
    "criteria": {
      "has_quartz_block": "2025-04-06 17:41:07 +0200"
    },
    "done": true
  },
  "minecraft:recipes/building_blocks/quartz_slab_from_stonecutting": {
    "criteria": {
      "has_quartz_block": "2025-04-06 17:41:07 +0200"
    },
    "done": true
  },
  "minecraft:story/deflect_arrow": {
    "criteria": {
      "deflected_projectile": "2025-04-30 23:54:11 +0200"
    },
    "done": true
  },
  "moredoors:recipes/doors/andesite_door": {
    "criteria": {
      "has_block": "2025-05-02 00:35:46 +0200"
    },
    "done": true
  },
  "moredoors:recipes/doors/sandstone_door": {
    "criteria": {
      "has_block": "2025-05-02 00:35:46 +0200"
    },
    "done": true
  },
  "moredoors:recipes/doors/cracked_stone_bricks_door": {
    "criteria": {
      "has_block": "2025-05-02 00:35:46 +0200"
    },
    "done": true
  },
  "moredoors:recipes/doors/pink_wool_door": {
    "criteria": {
      "has_block": "2025-05-02 00:35:46 +0200"
    },
    "done": true
  },
  "moredoors:recipes/doors/honey_block_top_door": {
    "criteria": {
      "has_block": "2025-05-02 00:35:46 +0200"
    },
    "done": true
  },
  "moredoors:recipes/doors/light_blue_terracotta_door": {
    "criteria": {
      "has_block": "2025-05-02 00:35:46 +0200"
    },
    "done": true
  },
  "moredoors:recipes/doors/lime_wool_door": {
    "criteria": {
      "has_block": "2025-05-02 00:35:46 +0200"
    },
    "done": true
  },
  "moredoors:recipes/doors/horn_coral_block_door": {
    "criteria": {
      "has_block": "2025-05-02 00:35:46 +0200"
    },
    "done": true
  },
  "moredoors:recipes/doors/chiseled_stone_bricks_door": {
    "criteria": {
      "has_block": "2025-05-02 00:35:46 +0200"
    },
    "done": true
  },
  "moredoors:recipes/doors/glowstone_door": {
    "criteria": {
      "has_block": "2025-05-02 00:35:46 +0200"
    },
    "done": true
  },
  "moredoors:recipes/doors/ice_door": {
    "criteria": {
      "has_block": "2025-05-02 00:35:46 +0200"
    },
    "done": true
  },
  "moredoors:recipes/doors/cyan_glazed_terracotta_door": {
    "criteria": {
      "has_block": "2025-05-02 00:35:46 +0200"
    },
    "done": true
  },
  "moredoors:recipes/doors/warped_nylium_side_door": {
    "criteria": {
      "has_block": "2025-05-02 00:35:46 +0200"
    },
    "done": true
  },
  "moredoors:recipes/doors/birch_log_top_door": {
    "criteria": {
      "has_block": "2025-05-02 00:35:46 +0200"
    },
    "done": true
  },
  "moredoors:recipes/doors/magma_door": {
    "criteria": {
      "has_block": "2025-05-02 00:35:46 +0200"
    },
    "done": true
  },
  "moredoors:recipes/doors/lime_terracotta_door": {
    "criteria": {
      "has_block": "2025-05-02 00:35:46 +0200"
    },
    "done": true
  },
  "moredoors:recipes/doors/black_concrete_powder_door": {
    "criteria": {
      "has_block": "2025-05-02 00:35:46 +0200"
    },
    "done": true
  },
  "moredoors:recipes/doors/netherite_block_door": {
    "criteria": {
      "has_block": "2025-05-02 00:35:46 +0200"
    },
    "done": true
  },
  "moredoors:recipes/doors/netherrack_door": {
    "criteria": {
      "has_block": "2025-05-02 00:35:46 +0200"
    },
    "done": true
  },
  "moredoors:recipes/doors/beehive_side_door": {
    "criteria": {
      "has_block": "2025-05-02 00:35:46 +0200"
    },
    "done": true
  },
  "moredoors:recipes/doors/brown_stained_glass_door": {
    "criteria": {
      "has_block": "2025-05-02 00:35:46 +0200"
    },
    "done": true
  },
  "moredoors:recipes/doors/diorite_door": {
    "criteria": {
      "has_block": "2025-05-02 00:35:46 +0200"
    },
    "done": true
  },
  "moredoors:recipes/doors/magenta_terracotta_door": {
    "criteria": {
      "has_block": "2025-05-02 00:35:46 +0200"
    },
    "done": true
  },
  "moredoors:recipes/doors/chorus_flower_door": {
    "criteria": {
      "has_block": "2025-05-02 00:35:46 +0200"
    },
    "done": true
  },
  "moredoors:recipes/doors/dark_prismarine_door": {
    "criteria": {
      "has_block": "2025-05-02 00:35:46 +0200"
    },
    "done": true
  },
  "moredoors:recipes/doors/chiseled_quartz_block_door": {
    "criteria": {
      "has_block": "2025-05-02 00:35:46 +0200"
    },
    "done": true
  },
  "moredoors:recipes/doors/light_blue_wool_door": {
    "criteria": {
      "has_block": "2025-05-02 00:35:46 +0200"
    },
    "done": true
  },
  "moredoors:recipes/doors/polished_andesite_door": {
    "criteria": {
      "has_block": "2025-05-02 00:35:46 +0200"
    },
    "done": true
  },
  "moredoors:recipes/doors/ancient_debris_top_door": {
    "criteria": {
      "has_block": "2025-05-02 00:35:46 +0200"
    },
    "done": true
  },
  "moredoors:recipes/doors/slime_block_door": {
    "criteria": {
      "has_block": "2025-05-02 00:35:46 +0200"
    },
    "done": true
  },
  "moredoors:recipes/doors/gray_stained_glass_door": {
    "criteria": {
      "has_block": "2025-05-02 00:35:46 +0200"
    },
    "done": true
  },
  "moredoors:recipes/doors/yellow_terracotta_door": {
    "criteria": {
      "has_block": "2025-05-02 00:35:46 +0200"
    },
    "done": true
  },
  "moredoors:recipes/doors/prismarine_door": {
    "criteria": {
      "has_block": "2025-05-02 00:35:46 +0200"
    },
    "done": true
  },
  "moredoors:recipes/doors/polished_basalt_side_door": {
    "criteria": {
      "has_block": "2025-05-02 00:35:46 +0200"
    },
    "done": true
  },
  "moredoors:recipes/doors/purple_concrete_powder_door": {
    "criteria": {
      "has_block": "2025-05-02 00:35:46 +0200"
    },
    "done": true
  },
  "moredoors:recipes/doors/red_concrete_powder_door": {
    "criteria": {
      "has_block": "2025-05-02 00:35:46 +0200"
    },
    "done": true
  },
  "moredoors:recipes/doors/blackstone_door": {
    "criteria": {
      "has_block": "2025-05-02 00:35:46 +0200"
    },
    "done": true
  },
  "moredoors:recipes/doors/cyan_stained_glass_door": {
    "criteria": {
      "has_block": "2025-05-02 00:35:46 +0200"
    },
    "done": true
  },
  "moredoors:recipes/doors/lime_glazed_terracotta_door": {
    "criteria": {
      "has_block": "2025-05-02 00:35:46 +0200"
    },
    "done": true
  },
  "moredoors:recipes/doors/coal_block_door": {
    "criteria": {
      "has_block": "2025-05-02 00:35:46 +0200"
    },
    "done": true
  },
  "moredoors:recipes/doors/yellow_wool_door": {
    "criteria": {
      "has_block": "2025-05-02 00:35:46 +0200"
    },
    "done": true
  },
  "moredoors:recipes/doors/crimson_stem_top_door": {
    "criteria": {
      "has_block": "2025-05-02 00:35:46 +0200"
    },
    "done": true
  },
  "moredoors:recipes/doors/acacia_log_top_door": {
    "criteria": {
      "has_block": "2025-05-02 00:35:46 +0200"
    },
    "done": true
  },
  "moredoors:recipes/doors/end_stone_bricks_door": {
    "criteria": {
      "has_block": "2025-05-02 00:35:46 +0200"
    },
    "done": true
  },
  "moredoors:recipes/doors/red_nether_bricks_door": {
    "criteria": {
      "has_block": "2025-05-02 00:35:46 +0200"
    },
    "done": true
  },
  "moredoors:recipes/doors/gray_terracotta_door": {
    "criteria": {
      "has_block": "2025-05-02 00:35:46 +0200"
    },
    "done": true
  },
  "moredoors:recipes/doors/lapis_ore_door": {
    "criteria": {
      "has_block": "2025-05-02 00:35:46 +0200"
    },
    "done": true
  },
  "moredoors:recipes/doors/wet_sponge_door": {
    "criteria": {
      "has_block": "2025-05-02 00:35:46 +0200"
    },
    "done": true
  },
  "moredoors:recipes/doors/brown_concrete_door": {
    "criteria": {
      "has_block": "2025-05-02 00:35:46 +0200"
    },
    "done": true
  },
  "moredoors:recipes/doors/stone_bricks_door": {
    "criteria": {
      "has_block": "2025-05-02 00:35:46 +0200"
    },
    "done": true
  },
  "moredoors:recipes/doors/cyan_terracotta_door": {
    "criteria": {
      "has_block": "2025-05-02 00:35:46 +0200"
    },
    "done": true
  },
  "moredoors:recipes/doors/green_concrete_powder_door": {
    "criteria": {
      "has_block": "2025-05-02 00:35:46 +0200"
    },
    "done": true
  },
  "moredoors:recipes/doors/stone_door": {
    "criteria": {
      "has_block": "2025-05-02 00:35:46 +0200"
    },
    "done": true
  },
  "moredoors:recipes/doors/emerald_block_door": {
    "criteria": {
      "has_block": "2025-05-02 00:35:46 +0200"
    },
    "done": true
  },
  "moredoors:recipes/doors/white_glazed_terracotta_door": {
    "criteria": {
      "has_block": "2025-05-02 00:35:46 +0200"
    },
    "done": true
  },
  "moredoors:recipes/doors/stripped_acacia_log_door": {
    "criteria": {
      "has_block": "2025-05-02 00:35:46 +0200"
    },
    "done": true
  },
  "moredoors:recipes/doors/chiseled_polished_blackstone_door": {
    "criteria": {
      "has_block": "2025-05-02 00:35:46 +0200"
    },
    "done": true
  },
  "moredoors:recipes/doors/dirt_door": {
    "criteria": {
      "has_block": "2025-05-02 00:35:46 +0200"
    },
    "done": true
  },
  "moredoors:recipes/doors/yellow_concrete_powder_door": {
    "criteria": {
      "has_block": "2025-05-02 00:35:46 +0200"
    },
    "done": true
  },
  "moredoors:recipes/doors/crimson_nylium_door": {
    "criteria": {
      "has_block": "2025-05-02 00:35:46 +0200"
    },
    "done": true
  },
  "moredoors:recipes/doors/bee_nest_front_door": {
    "criteria": {
      "has_block": "2025-05-02 00:35:46 +0200"
    },
    "done": true
  },
  "moredoors:recipes/doors/purple_wool_door": {
    "criteria": {
      "has_block": "2025-05-02 00:35:46 +0200"
    },
    "done": true
  },
  "moredoors:recipes/doors/blue_concrete_powder_door": {
    "criteria": {
      "has_block": "2025-05-02 00:35:46 +0200"
    },
    "done": true
  },
  "moredoors:recipes/doors/quartz_pillar_door": {
    "criteria": {
      "has_block": "2025-05-02 00:35:46 +0200"
    },
    "done": true
  },
  "moredoors:recipes/doors/cyan_concrete_door": {
    "criteria": {
      "has_block": "2025-05-02 00:35:46 +0200"
    },
    "done": true
  },
  "moredoors:recipes/doors/brain_coral_block_door": {
    "criteria": {
      "has_block": "2025-05-02 00:35:46 +0200"
    },
    "done": true
  },
  "moredoors:recipes/doors/orange_wool_door": {
    "criteria": {
      "has_block": "2025-05-02 00:35:46 +0200"
    },
    "done": true
  },
  "moredoors:recipes/doors/black_wool_door": {
    "criteria": {
      "has_block": "2025-05-02 00:35:46 +0200"
    },
    "done": true
  },
  "moredoors:recipes/doors/nether_gold_ore_door": {
    "criteria": {
      "has_block": "2025-05-02 00:35:46 +0200"
    },
    "done": true
  },
  "moredoors:recipes/doors/pink_concrete_powder_door": {
    "criteria": {
      "has_block": "2025-05-02 00:35:46 +0200"
    },
    "done": true
  },
  "moredoors:recipes/doors/sea_lantern_door": {
    "criteria": {
      "has_block": "2025-05-02 00:35:46 +0200"
    },
    "done": true
  },
  "moredoors:recipes/doors/gray_glazed_terracotta_door": {
    "criteria": {
      "has_block": "2025-05-02 00:35:46 +0200"
    },
    "done": true
  },
  "moredoors:recipes/doors/nether_wart_block_door": {
    "criteria": {
      "has_block": "2025-05-02 00:35:46 +0200"
    },
    "done": true
  },
  "moredoors:recipes/doors/obsidian_door": {
    "criteria": {
      "has_block": "2025-05-02 00:35:46 +0200"
    },
    "done": true
  },
  "moredoors:recipes/doors/birch_log_door": {
    "criteria": {
      "has_block": "2025-05-02 00:35:46 +0200"
    },
    "done": true
  },
  "moredoors:recipes/doors/pumpkin_side_door": {
    "criteria": {
      "has_block": "2025-05-02 00:35:46 +0200"
    },
    "done": true
  },
  "moredoors:recipes/doors/bee_nest_top_door": {
    "criteria": {
      "has_block": "2025-05-02 00:35:46 +0200"
    },
    "done": true
  },
  "moredoors:recipes/doors/oak_log_top_door": {
    "criteria": {
      "has_block": "2025-05-02 00:35:46 +0200"
    },
    "done": true
  },
  "moredoors:recipes/doors/orange_concrete_powder_door": {
    "criteria": {
      "has_block": "2025-05-02 00:35:46 +0200"
    },
    "done": true
  },
  "moredoors:recipes/doors/gray_concrete_powder_door": {
    "criteria": {
      "has_block": "2025-05-02 00:35:46 +0200"
    },
    "done": true
  },
  "moredoors:recipes/doors/brown_mushroom_block_door": {
    "criteria": {
      "has_block": "2025-05-02 00:35:46 +0200"
    },
    "done": true
  },
  "moredoors:recipes/doors/iron_ore_door": {
    "criteria": {
      "has_block": "2025-05-02 00:35:46 +0200"
    },
    "done": true
  },
  "moredoors:recipes/doors/light_blue_glazed_terracotta_door": {
    "criteria": {
      "has_block": "2025-05-02 00:35:46 +0200"
    },
    "done": true
  },
  "moredoors:recipes/doors/cyan_wool_door": {
    "criteria": {
      "has_block": "2025-05-02 00:35:46 +0200"
    },
    "done": true
  },
  "moredoors:recipes/doors/light_blue_stained_glass_door": {
    "criteria": {
      "has_block": "2025-05-02 00:35:46 +0200"
    },
    "done": true
  },
  "moredoors:recipes/doors/diamond_block_door": {
    "criteria": {
      "has_block": "2025-05-02 00:35:46 +0200"
    },
    "done": true
  },
  "moredoors:recipes/doors/iron_block_door": {
    "criteria": {
      "has_block": "2025-05-02 00:35:46 +0200"
    },
    "done": true
  },
  "moredoors:recipes/doors/white_wool_door": {
    "criteria": {
      "has_block": "2025-05-02 00:35:46 +0200"
    },
    "done": true
  },
  "moredoors:recipes/doors/warped_nylium_door": {
    "criteria": {
      "has_block": "2025-05-02 00:35:46 +0200"
    },
    "done": true
  },
  "moredoors:recipes/doors/stripped_birch_log_door": {
    "criteria": {
      "has_block": "2025-05-02 00:35:46 +0200"
    },
    "done": true
  },
  "moredoors:recipes/doors/redstone_ore_door": {
    "criteria": {
      "has_block": "2025-05-02 00:35:46 +0200"
    },
    "done": true
  },
  "moredoors:recipes/doors/orange_stained_glass_door": {
    "criteria": {
      "has_block": "2025-05-02 00:35:46 +0200"
    },
    "done": true
  },
  "moredoors:recipes/doors/warped_stem_top_door": {
    "criteria": {
      "has_block": "2025-05-02 00:35:46 +0200"
    },
    "done": true
  },
  "moredoors:recipes/doors/bone_block_side_door": {
    "criteria": {
      "has_block": "2025-05-02 00:35:46 +0200"
    },
    "done": true
  },
  "moredoors:recipes/doors/gold_block_door": {
    "criteria": {
      "has_block": "2025-05-02 00:35:46 +0200"
    },
    "done": true
  },
  "moredoors:recipes/doors/lime_concrete_door": {
    "criteria": {
      "has_block": "2025-05-02 00:35:46 +0200"
    },
    "done": true
  },
  "moredoors:recipes/doors/blue_glazed_terracotta_door": {
    "criteria": {
      "has_block": "2025-05-02 00:35:46 +0200"
    },
    "done": true
  },
  "moredoors:recipes/doors/purpur_pillar_door": {
    "criteria": {
      "has_block": "2025-05-02 00:35:46 +0200"
    },
    "done": true
  },
  "moredoors:recipes/doors/emerald_ore_door": {
    "criteria": {
      "has_block": "2025-05-02 00:35:46 +0200"
    },
    "done": true
  },
  "moredoors:recipes/doors/basalt_side_door": {
    "criteria": {
      "has_block": "2025-05-02 00:35:46 +0200"
    },
    "done": true
  },
  "moredoors:recipes/doors/bookshelf_door": {
    "criteria": {
      "has_block": "2025-05-02 00:35:46 +0200"
    },
    "done": true
  },
  "moredoors:recipes/doors/quartz_bricks_door": {
    "criteria": {
      "has_block": "2025-05-02 00:35:46 +0200"
    },
    "done": true
  },
  "moredoors:recipes/doors/light_gray_terracotta_door": {
    "criteria": {
      "has_block": "2025-05-02 00:35:46 +0200"
    },
    "done": true
  },
  "moredoors:recipes/doors/magenta_concrete_powder_door": {
    "criteria": {
      "has_block": "2025-05-02 00:35:46 +0200"
    },
    "done": true
  },
  "moredoors:recipes/doors/blue_ice_door": {
    "criteria": {
      "has_block": "2025-05-02 00:35:46 +0200"
    },
    "done": true
  },
  "moredoors:recipes/doors/light_gray_wool_door": {
    "criteria": {
      "has_block": "2025-05-02 00:35:46 +0200"
    },
    "done": true
  },
  "moredoors:recipes/doors/gray_wool_door": {
    "criteria": {
      "has_block": "2025-05-02 00:35:46 +0200"
    },
    "done": true
  },
  "moredoors:recipes/doors/honeycomb_block_door": {
    "criteria": {
      "has_block": "2025-05-02 00:35:46 +0200"
    },
    "done": true
  },
  "moredoors:recipes/doors/basalt_top_door": {
    "criteria": {
      "has_block": "2025-05-02 00:35:46 +0200"
    },
    "done": true
  },
  "moredoors:recipes/doors/dried_kelp_top_door": {
    "criteria": {
      "has_block": "2025-05-02 00:35:46 +0200"
    },
    "done": true
  },
  "moredoors:recipes/doors/brown_glazed_terracotta_door": {
    "criteria": {
      "has_block": "2025-05-02 00:35:46 +0200"
    },
    "done": true
  },
  "moredoors:recipes/doors/black_terracotta_door": {
    "criteria": {
      "has_block": "2025-05-02 00:35:46 +0200"
    },
    "done": true
  },
  "moredoors:recipes/doors/purple_terracotta_door": {
    "criteria": {
      "has_block": "2025-05-02 00:35:46 +0200"
    },
    "done": true
  },
  "moredoors:recipes/doors/green_glazed_terracotta_door": {
    "criteria": {
      "has_block": "2025-05-02 00:35:46 +0200"
    },
    "done": true
  },
  "moredoors:recipes/doors/podzol_top_door": {
    "criteria": {
      "has_block": "2025-05-02 00:35:46 +0200"
    },
    "done": true
  },
  "moredoors:recipes/doors/spawner_door": {
    "criteria": {
      "has_block": "2025-05-02 00:35:46 +0200"
    },
    "done": true
  },
  "moredoors:recipes/doors/polished_basalt_top_door": {
    "criteria": {
      "has_block": "2025-05-02 00:35:46 +0200"
    },
    "done": true
  },
  "moredoors:recipes/doors/light_gray_concrete_powder_door": {
    "criteria": {
      "has_block": "2025-05-02 00:35:46 +0200"
    },
    "done": true
  },
  "moredoors:recipes/doors/end_stone_door": {
    "criteria": {
      "has_block": "2025-05-02 00:35:46 +0200"
    },
    "done": true
  },
  "moredoors:recipes/doors/red_terracotta_door": {
    "criteria": {
      "has_block": "2025-05-02 00:35:46 +0200"
    },
    "done": true
  },
  "moredoors:recipes/doors/blue_stained_glass_door": {
    "criteria": {
      "has_block": "2025-05-02 00:35:46 +0200"
    },
    "done": true
  },
  "moredoors:recipes/doors/cake_top_door": {
    "criteria": {
      "has_block": "2025-05-02 00:35:46 +0200"
    },
    "done": true
  },
  "moredoors:recipes/doors/green_wool_door": {
    "criteria": {
      "has_block": "2025-05-02 00:35:46 +0200"
    },
    "done": true
  },
  "moredoors:recipes/doors/lapis_block_door": {
    "criteria": {
      "has_block": "2025-05-02 00:35:46 +0200"
    },
    "done": true
  },
  "moredoors:recipes/doors/soul_soil_door": {
    "criteria": {
      "has_block": "2025-05-02 00:35:46 +0200"
    },
    "done": true
  },
  "moredoors:recipes/doors/diamond_ore_door": {
    "criteria": {
      "has_block": "2025-05-02 00:35:46 +0200"
    },
    "done": true
  },
  "moredoors:recipes/doors/polished_blackstone_bricks_door": {
    "criteria": {
      "has_block": "2025-05-02 00:35:46 +0200"
    },
    "done": true
  },
  "moredoors:recipes/doors/magenta_concrete_door": {
    "criteria": {
      "has_block": "2025-05-02 00:35:46 +0200"
    },
    "done": true
  },
  "moredoors:recipes/doors/light_gray_glazed_terracotta_door": {
    "criteria": {
      "has_block": "2025-05-02 00:35:46 +0200"
    },
    "done": true
  },
  "moredoors:recipes/doors/blue_wool_door": {
    "criteria": {
      "has_block": "2025-05-02 00:35:46 +0200"
    },
    "done": true
  },
  "moredoors:recipes/doors/stripped_warped_stem_door": {
    "criteria": {
      "has_block": "2025-05-02 00:35:46 +0200"
    },
    "done": true
  },
  "moredoors:recipes/doors/clay_door": {
    "criteria": {
      "has_block": "2025-05-02 00:35:46 +0200"
    },
    "done": true
  },
  "moredoors:recipes/doors/dried_kelp_side_door": {
    "criteria": {
      "has_block": "2025-05-02 00:35:46 +0200"
    },
    "done": true
  },
  "moredoors:recipes/doors/pink_terracotta_door": {
    "criteria": {
      "has_block": "2025-05-02 00:35:46 +0200"
    },
    "done": true
  },
  "moredoors:recipes/doors/pink_stained_glass_door": {
    "criteria": {
      "has_block": "2025-05-02 00:35:46 +0200"
    },
    "done": true
  },
  "moredoors:recipes/doors/crimson_stem_door": {
    "criteria": {
      "has_block": "2025-05-02 00:35:46 +0200"
    },
    "done": true
  },
  "moredoors:recipes/doors/dark_oak_log_top_door": {
    "criteria": {
      "has_block": "2025-05-02 00:35:46 +0200"
    },
    "done": true
  },
  "moredoors:recipes/doors/red_concrete_door": {
    "criteria": {
      "has_block": "2025-05-02 00:35:46 +0200"
    },
    "done": true
  },
  "moredoors:recipes/doors/coal_ore_door": {
    "criteria": {
      "has_block": "2025-05-02 00:35:46 +0200"
    },
    "done": true
  },
  "moredoors:recipes/doors/stripped_oak_log_door": {
    "criteria": {
      "has_block": "2025-05-02 00:35:46 +0200"
    },
    "done": true
  },
  "moredoors:recipes/doors/stripped_jungle_log_door": {
    "criteria": {
      "has_block": "2025-05-02 00:35:46 +0200"
    },
    "done": true
  },
  "moredoors:recipes/doors/lava_still_door": {
    "criteria": {
      "has_block": "2025-05-02 00:35:46 +0200"
    },
    "done": true
  },
  "moredoors:recipes/doors/orange_concrete_door": {
    "criteria": {
      "has_block": "2025-05-02 00:35:46 +0200"
    },
    "done": true
  },
  "moredoors:recipes/doors/tube_coral_block_door": {
    "criteria": {
      "has_block": "2025-05-02 00:35:46 +0200"
    },
    "done": true
  },
  "moredoors:recipes/doors/stripped_spruce_log_door": {
    "criteria": {
      "has_block": "2025-05-02 00:35:46 +0200"
    },
    "done": true
  },
  "moredoors:recipes/doors/stripped_crimson_stem_door": {
    "criteria": {
      "has_block": "2025-05-02 00:35:46 +0200"
    },
    "done": true
  },
  "moredoors:recipes/doors/light_blue_concrete_powder_door": {
    "criteria": {
      "has_block": "2025-05-02 00:35:46 +0200"
    },
    "done": true
  },
  "moredoors:recipes/doors/magenta_glazed_terracotta_door": {
    "criteria": {
      "has_block": "2025-05-02 00:35:46 +0200"
    },
    "done": true
  },
  "moredoors:recipes/doors/mossy_stone_bricks_door": {
    "criteria": {
      "has_block": "2025-05-02 00:35:46 +0200"
    },
    "done": true
  },
  "moredoors:recipes/doors/acacia_log_door": {
    "criteria": {
      "has_block": "2025-05-02 00:35:46 +0200"
    },
    "done": true
  },
  "moredoors:recipes/doors/red_stained_glass_door": {
    "criteria": {
      "has_block": "2025-05-02 00:35:46 +0200"
    },
    "done": true
  },
  "moredoors:recipes/doors/quartz_pillar_top_door": {
    "criteria": {
      "has_block": "2025-05-02 00:35:46 +0200"
    },
    "done": true
  },
  "moredoors:recipes/doors/warped_stem_door": {
    "criteria": {
      "has_block": "2025-05-02 00:35:46 +0200"
    },
    "done": true
  },
  "moredoors:recipes/doors/chorus_plant_door": {
    "criteria": {
      "has_block": "2025-05-02 00:35:46 +0200"
    },
    "done": true
  },
  "moredoors:recipes/doors/melon_side_door": {
    "criteria": {
      "has_block": "2025-05-02 00:35:46 +0200"
    },
    "done": true
  },
  "moredoors:recipes/doors/granite_door": {
    "criteria": {
      "has_block": "2025-05-02 00:35:46 +0200"
    },
    "done": true
  },
  "moredoors:recipes/doors/gilded_blackstone_door": {
    "criteria": {
      "has_block": "2025-05-02 00:35:46 +0200"
    },
    "done": true
  },
  "moredoors:recipes/doors/purpur_block_door": {
    "criteria": {
      "has_block": "2025-05-02 00:35:46 +0200"
    },
    "done": true
  },
  "moredoors:recipes/doors/bubble_coral_block_door": {
    "criteria": {
      "has_block": "2025-05-02 00:35:46 +0200"
    },
    "done": true
  },
  "moredoors:recipes/doors/black_concrete_door": {
    "criteria": {
      "has_block": "2025-05-02 00:35:46 +0200"
    },
    "done": true
  },
  "moredoors:recipes/doors/lime_stained_glass_door": {
    "criteria": {
      "has_block": "2025-05-02 00:35:46 +0200"
    },
    "done": true
  },
  "moredoors:recipes/doors/light_gray_concrete_door": {
    "criteria": {
      "has_block": "2025-05-02 00:35:46 +0200"
    },
    "done": true
  },
  "moredoors:recipes/doors/mushroom_stem_door": {
    "criteria": {
      "has_block": "2025-05-02 00:35:46 +0200"
    },
    "done": true
  },
  "moredoors:recipes/doors/black_glazed_terracotta_door": {
    "criteria": {
      "has_block": "2025-05-02 00:35:46 +0200"
    },
    "done": true
  },
  "moredoors:recipes/doors/terracotta_door": {
    "criteria": {
      "has_block": "2025-05-02 00:35:46 +0200"
    },
    "done": true
  },
  "moredoors:recipes/doors/pink_glazed_terracotta_door": {
    "criteria": {
      "has_block": "2025-05-02 00:35:46 +0200"
    },
    "done": true
  },
  "moredoors:recipes/doors/soul_sand_door": {
    "criteria": {
      "has_block": "2025-05-02 00:35:46 +0200"
    },
    "done": true
  },
  "moredoors:recipes/doors/white_concrete_powder_door": {
    "criteria": {
      "has_block": "2025-05-02 00:35:46 +0200"
    },
    "done": true
  },
  "moredoors:recipes/doors/yellow_concrete_door": {
    "criteria": {
      "has_block": "2025-05-02 00:35:46 +0200"
    },
    "done": true
  },
  "moredoors:recipes/doors/gray_concrete_door": {
    "criteria": {
      "has_block": "2025-05-02 00:35:46 +0200"
    },
    "done": true
  },
  "moredoors:recipes/doors/jungle_log_top_door": {
    "criteria": {
      "has_block": "2025-05-02 00:35:46 +0200"
    },
    "done": true
  },
  "moredoors:recipes/doors/hay_block_top_door": {
    "criteria": {
      "has_block": "2025-05-02 00:35:46 +0200"
    },
    "done": true
  },
  "moredoors:recipes/doors/yellow_stained_glass_door": {
    "criteria": {
      "has_block": "2025-05-02 00:35:46 +0200"
    },
    "done": true
  },
  "moredoors:recipes/doors/brown_concrete_powder_door": {
    "criteria": {
      "has_block": "2025-05-02 00:35:46 +0200"
    },
    "done": true
  },
  "moredoors:recipes/doors/green_terracotta_door": {
    "criteria": {
      "has_block": "2025-05-02 00:35:46 +0200"
    },
    "done": true
  },
  "moredoors:recipes/doors/red_glazed_terracotta_door": {
    "criteria": {
      "has_block": "2025-05-02 00:35:46 +0200"
    },
    "done": true
  },
  "moredoors:recipes/doors/pink_concrete_door": {
    "criteria": {
      "has_block": "2025-05-02 00:35:46 +0200"
    },
    "done": true
  },
  "moredoors:recipes/doors/spruce_log_top_door": {
    "criteria": {
      "has_block": "2025-05-02 00:35:46 +0200"
    },
    "done": true
  },
  "moredoors:recipes/doors/snow_door": {
    "criteria": {
      "has_block": "2025-05-02 00:35:46 +0200"
    },
    "done": true
  },
  "moredoors:recipes/doors/red_sand_door": {
    "criteria": {
      "has_block": "2025-05-02 00:35:46 +0200"
    },
    "done": true
  },
  "moredoors:recipes/doors/lime_concrete_powder_door": {
    "criteria": {
      "has_block": "2025-05-02 00:35:46 +0200"
    },
    "done": true
  },
  "moredoors:recipes/doors/brown_terracotta_door": {
    "criteria": {
      "has_block": "2025-05-02 00:35:46 +0200"
    },
    "done": true
  },
  "moredoors:recipes/doors/nether_quartz_ore_door": {
    "criteria": {
      "has_block": "2025-05-02 00:35:46 +0200"
    },
    "done": true
  },
  "moredoors:recipes/doors/lava_flow_door": {
    "criteria": {
      "has_block": "2025-05-02 00:35:46 +0200"
    },
    "done": true
  },
  "moredoors:recipes/doors/red_mushroom_block_door": {
    "criteria": {
      "has_block": "2025-05-02 00:35:46 +0200"
    },
    "done": true
  },
  "moredoors:recipes/doors/campfire_fire_door": {
    "criteria": {
      "has_block": "2025-05-02 00:35:46 +0200"
    },
    "done": true
  },
  "moredoors:recipes/doors/gold_ore_door": {
    "criteria": {
      "has_block": "2025-05-02 00:35:46 +0200"
    },
    "done": true
  },
  "moredoors:recipes/doors/polished_diorite_door": {
    "criteria": {
      "has_block": "2025-05-02 00:35:46 +0200"
    },
    "done": true
  },
  "moredoors:recipes/doors/fire_coral_block_door": {
    "criteria": {
      "has_block": "2025-05-02 00:35:46 +0200"
    },
    "done": true
  },
  "moredoors:recipes/doors/crying_obsidian_door": {
    "criteria": {
      "has_block": "2025-05-02 00:35:46 +0200"
    },
    "done": true
  },
  "moredoors:recipes/doors/light_blue_concrete_door": {
    "criteria": {
      "has_block": "2025-05-02 00:35:46 +0200"
    },
    "done": true
  },
  "moredoors:recipes/doors/purple_stained_glass_door": {
    "criteria": {
      "has_block": "2025-05-02 00:35:46 +0200"
    },
    "done": true
  },
  "moredoors:recipes/doors/quartz_block_side_door": {
    "criteria": {
      "has_block": "2025-05-02 00:35:46 +0200"
    },
    "done": true
  },
  "moredoors:recipes/doors/blue_terracotta_door": {
    "criteria": {
      "has_block": "2025-05-02 00:35:46 +0200"
    },
    "done": true
  },
  "moredoors:recipes/doors/jungle_log_door": {
    "criteria": {
      "has_block": "2025-05-02 00:35:46 +0200"
    },
    "done": true
  },
  "moredoors:recipes/doors/coarse_dirt_door": {
    "criteria": {
      "has_block": "2025-05-02 00:35:46 +0200"
    },
    "done": true
  },
  "moredoors:recipes/doors/light_gray_stained_glass_door": {
    "criteria": {
      "has_block": "2025-05-02 00:35:46 +0200"
    },
    "done": true
  },
  "moredoors:recipes/doors/bee_nest_bottom_door": {
    "criteria": {
      "has_block": "2025-05-02 00:35:46 +0200"
    },
    "done": true
  },
  "moredoors:recipes/doors/polished_granite_door": {
    "criteria": {
      "has_block": "2025-05-02 00:35:46 +0200"
    },
    "done": true
  },
  "moredoors:recipes/doors/cobblestone_door": {
    "criteria": {
      "has_block": "2025-05-02 00:35:46 +0200"
    },
    "done": true
  },
  "moredoors:recipes/doors/blue_concrete_door": {
    "criteria": {
      "has_block": "2025-05-02 00:35:46 +0200"
    },
    "done": true
  },
  "moredoors:recipes/doors/bedrock_door": {
    "criteria": {
      "has_block": "2025-05-02 00:35:46 +0200"
    },
    "done": true
  },
  "moredoors:recipes/doors/cactus_side_door": {
    "criteria": {
      "has_block": "2025-05-02 00:35:46 +0200"
    },
    "done": true
  },
  "moredoors:recipes/doors/magenta_stained_glass_door": {
    "criteria": {
      "has_block": "2025-05-02 00:35:46 +0200"
    },
    "done": true
  },
  "moredoors:recipes/doors/dark_oak_log_door": {
    "criteria": {
      "has_block": "2025-05-02 00:35:46 +0200"
    },
    "done": true
  },
  "moredoors:recipes/doors/s_door": {
    "criteria": {
      "has_block": "2025-05-02 00:35:46 +0200"
    },
    "done": true
  },
  "moredoors:recipes/doors/ancient_debris_side_door": {
    "criteria": {
      "has_block": "2025-05-02 00:35:46 +0200"
    },
    "done": true
  },
  "moredoors:recipes/doors/gravel_door": {
    "criteria": {
      "has_block": "2025-05-02 00:35:46 +0200"
    },
    "done": true
  },
  "moredoors:recipes/doors/warped_wart_block_door": {
    "criteria": {
      "has_block": "2025-05-02 00:35:46 +0200"
    },
    "done": true
  },
  "moredoors:recipes/doors/red_sandstone_top_door": {
    "criteria": {
      "has_block": "2025-05-02 00:35:46 +0200"
    },
    "done": true
  },
  "moredoors:recipes/doors/bricks_door": {
    "criteria": {
      "has_block": "2025-05-02 00:35:46 +0200"
    },
    "done": true
  },
  "moredoors:recipes/doors/nether_bricks_door": {
    "criteria": {
      "has_block": "2025-05-02 00:35:46 +0200"
    },
    "done": true
  },
  "moredoors:recipes/doors/sandstone_top_door": {
    "criteria": {
      "has_block": "2025-05-02 00:35:46 +0200"
    },
    "done": true
  },
  "moredoors:recipes/doors/chiseled_nether_bricks_door": {
    "criteria": {
      "has_block": "2025-05-02 00:35:46 +0200"
    },
    "done": true
  },
  "moredoors:recipes/doors/hay_block_side_door": {
    "criteria": {
      "has_block": "2025-05-02 00:35:46 +0200"
    },
    "done": true
  },
  "moredoors:recipes/doors/sand_door": {
    "criteria": {
      "has_block": "2025-05-02 00:35:46 +0200"
    },
    "done": true
  },
  "moredoors:recipes/doors/yellow_glazed_terracotta_door": {
    "criteria": {
      "has_block": "2025-05-02 00:35:46 +0200"
    },
    "done": true
  },
  "moredoors:recipes/doors/orange_glazed_terracotta_door": {
    "criteria": {
      "has_block": "2025-05-02 00:35:46 +0200"
    },
    "done": true
  },
  "moredoors:recipes/doors/red_sandstone_door": {
    "criteria": {
      "has_block": "2025-05-02 00:35:46 +0200"
    },
    "done": true
  },
  "moredoors:recipes/doors/orange_terracotta_door": {
    "criteria": {
      "has_block": "2025-05-02 00:35:46 +0200"
    },
    "done": true
  },
  "moredoors:recipes/doors/glass_door": {
    "criteria": {
      "has_block": "2025-05-02 00:35:46 +0200"
    },
    "done": true
  },
  "moredoors:recipes/doors/white_stained_glass_door": {
    "criteria": {
      "has_block": "2025-05-02 00:35:46 +0200"
    },
    "done": true
  },
  "moredoors:recipes/doors/smooth_stone_door": {
    "criteria": {
      "has_block": "2025-05-02 00:35:46 +0200"
    },
    "done": true
  },
  "moredoors:recipes/doors/purple_glazed_terracotta_door": {
    "criteria": {
      "has_block": "2025-05-02 00:35:46 +0200"
    },
    "done": true
  },
  "moredoors:recipes/doors/sponge_door": {
    "criteria": {
      "has_block": "2025-05-02 00:35:46 +0200"
    },
    "done": true
  },
  "moredoors:recipes/doors/red_wool_door": {
    "criteria": {
      "has_block": "2025-05-02 00:35:46 +0200"
    },
    "done": true
  },
  "moredoors:recipes/doors/nether_portal_door": {
    "criteria": {
      "has_block": "2025-05-02 00:35:46 +0200"
    },
    "done": true
  },
  "moredoors:recipes/doors/black_stained_glass_door": {
    "criteria": {
      "has_block": "2025-05-02 00:35:46 +0200"
    },
    "done": true
  },
  "moredoors:recipes/doors/green_stained_glass_door": {
    "criteria": {
      "has_block": "2025-05-02 00:35:46 +0200"
    },
    "done": true
  },
  "moredoors:recipes/doors/brown_wool_door": {
    "criteria": {
      "has_block": "2025-05-02 00:35:46 +0200"
    },
    "done": true
  },
  "moredoors:recipes/doors/spruce_log_door": {
    "criteria": {
      "has_block": "2025-05-02 00:35:46 +0200"
    },
    "done": true
  },
  "moredoors:recipes/doors/green_concrete_door": {
    "criteria": {
      "has_block": "2025-05-02 00:35:46 +0200"
    },
    "done": true
  },
  "moredoors:recipes/doors/soul_campfire_fire_door": {
    "criteria": {
      "has_block": "2025-05-02 00:35:46 +0200"
    },
    "done": true
  },
  "moredoors:recipes/doors/mossy_cobblestone_door": {
    "criteria": {
      "has_block": "2025-05-02 00:35:46 +0200"
    },
    "done": true
  },
  "moredoors:recipes/doors/cracked_nether_bricks_door": {
    "criteria": {
      "has_block": "2025-05-02 00:35:46 +0200"
    },
    "done": true
  },
  "moredoors:recipes/doors/white_concrete_door": {
    "criteria": {
      "has_block": "2025-05-02 00:35:46 +0200"
    },
    "done": true
  },
  "moredoors:recipes/doors/crimson_nylium_side_door": {
    "criteria": {
      "has_block": "2025-05-02 00:35:46 +0200"
    },
    "done": true
  },
  "moredoors:recipes/doors/packed_ice_door": {
    "criteria": {
      "has_block": "2025-05-02 00:35:46 +0200"
    },
    "done": true
  },
  "moredoors:recipes/doors/stripped_dark_oak_log_door": {
    "criteria": {
      "has_block": "2025-05-02 00:35:46 +0200"
    },
    "done": true
  },
  "moredoors:recipes/doors/mycelium_top_door": {
    "criteria": {
      "has_block": "2025-05-02 00:35:46 +0200"
    },
    "done": true
  },
  "moredoors:recipes/doors/shroomlight_door": {
    "criteria": {
      "has_block": "2025-05-02 00:35:46 +0200"
    },
    "done": true
  },
  "moredoors:recipes/doors/redstone_block_door": {
    "criteria": {
      "has_block": "2025-05-02 00:35:46 +0200"
    },
    "done": true
  },
  "moredoors:recipes/doors/magenta_wool_door": {
    "criteria": {
      "has_block": "2025-05-02 00:35:46 +0200"
    },
    "done": true
  },
  "moredoors:recipes/doors/purple_concrete_door": {
    "criteria": {
      "has_block": "2025-05-02 00:35:46 +0200"
    },
    "done": true
  },
  "moredoors:recipes/doors/white_terracotta_door": {
    "criteria": {
      "has_block": "2025-05-02 00:35:46 +0200"
    },
    "done": true
  },
  "moredoors:recipes/doors/cyan_concrete_powder_door": {
    "criteria": {
      "has_block": "2025-05-02 00:35:46 +0200"
    },
    "done": true
  },
  "moredoors:recipes/doors/oak_log_door": {
    "criteria": {
      "has_block": "2025-05-02 00:35:46 +0200"
    },
    "done": true
  },
  "moredoors:recipes/doors/prismarine_bricks_door": {
    "criteria": {
      "has_block": "2025-05-02 00:35:46 +0200"
    },
    "done": true
  },
  "minecraft:story/root": {
    "criteria": {
      "crafting_table": "2025-05-02 00:42:07 +0200"
    },
    "done": true
  },
  "minecraft:recipes/decorations/light_blue_stained_glass_pane_from_glass_pane": {
    "criteria": {
      "has_light_blue_dye": "2025-05-02 00:42:29 +0200"
    },
    "done": true
  },
  "minecraft:recipes/building_blocks/dye_light_blue_wool": {
    "criteria": {
      "has_needed_dye": "2025-05-02 00:42:29 +0200"
    },
    "done": true
  },
  "minecraft:recipes/building_blocks/dye_light_blue_bed": {
    "criteria": {
      "has_needed_dye": "2025-05-02 00:42:29 +0200"
    },
    "done": true
  },
  "minecraft:recipes/building_blocks/dye_light_blue_carpet": {
    "criteria": {
      "has_needed_dye": "2025-05-02 00:42:29 +0200"
    },
    "done": true
  },
  "minecraft:recipes/decorations/light_blue_candle": {
    "criteria": {
      "has_light_blue_dye": "2025-05-02 00:42:29 +0200"
    },
    "done": true
  },
  "spartanweaponry:collect_heads": {
    "criteria": {
      "creeper_head": "2025-05-02 00:42:55 +0200"
    },
    "done": false
  },
  "minecraft:recipes/misc/creeper_banner_pattern": {
    "criteria": {
      "has_creeper_head": "2025-05-02 00:42:55 +0200"
    },
    "done": true
  },
  "spartanweaponry:recipes/explosive_charge": {
    "criteria": {
      "has_gunpowder": "2025-05-02 00:44:18 +0200"
    },
    "done": true
  },
  "cgm:recipes/combat/shell": {
    "criteria": {
      "has_gunpowder": "2025-05-02 00:44:18 +0200"
    },
    "done": true
  },
  "cgm:recipes/combat/stun_grenade": {
    "criteria": {
      "has_gunpowder": "2025-05-02 00:44:18 +0200"
    },
    "done": true
  },
  "cgm:recipes/combat/advanced_bullet": {
    "criteria": {
      "has_gunpowder": "2025-05-02 00:44:18 +0200"
    },
    "done": true
  },
  "cgm:recipes/combat/grenade": {
    "criteria": {
      "has_gunpowder": "2025-05-02 00:44:18 +0200"
    },
    "done": true
  },
  "minecraft:recipes/misc/firework_rocket_simple": {
    "criteria": {
      "has_gunpowder": "2025-05-02 00:44:18 +0200"
    },
    "done": true
  },
  "minecraft:recipes/redstone/tnt": {
    "criteria": {
      "has_gunpowder": "2025-05-02 00:44:18 +0200"
    },
    "done": true
  },
  "cgm:recipes/combat/missile": {
    "criteria": {
      "has_gunpowder": "2025-05-02 00:44:18 +0200"
    },
    "done": true
  },
  "cgm:recipes/combat/basic_bullet": {
    "criteria": {
      "has_gunpowder": "2025-05-02 00:44:18 +0200"
    },
    "done": true
  },
  "securitycraft:recipes/tools/universal_key_changer": {
    "criteria": {
      "has_redstone": "2025-05-02 00:44:49 +0200"
    },
    "done": true
  },
  "securitycraft:recipes/redstone/alarm": {
    "criteria": {
      "has_redstone": "2025-05-02 00:44:49 +0200"
    },
    "done": true
  },
  "minecraft:recipes/redstone/redstone_torch": {
    "criteria": {
      "has_redstone": "2025-05-02 00:44:49 +0200"
    },
    "done": true
  },
  "minecraft:recipes/tools/clock": {
    "criteria": {
      "has_redstone": "2025-05-02 00:44:49 +0200"
    },
    "done": true
  },
  "securitycraft:recipes/tools/universal_block_reinforcer_lvl1": {
    "criteria": {
      "has_redstone": "2025-05-02 00:44:49 +0200"
    },
    "done": true
  },
  "securitycraft:recipes/tools/universal_block_reinforcer_lvl3": {
    "criteria": {
      "has_redstone": "2025-05-02 00:44:49 +0200"
    },
    "done": true
  },
  "securitycraft:recipes/tools/universal_block_reinforcer_lvl2": {
    "criteria": {
      "has_redstone": "2025-05-02 00:44:49 +0200"
    },
    "done": true
  },
  "cgm:recipes/combat/bazooka": {
    "criteria": {
      "has_redstone": "2025-05-02 00:44:49 +0200"
    },
    "done": true
  },
  "securitycraft:recipes/redstone/reinforced_piston": {
    "criteria": {
      "has_redstone": "2025-05-02 00:44:49 +0200"
    },
    "done": true
  },
  "cgm:recipes/combat/short_scope": {
    "criteria": {
      "has_redstone": "2025-05-02 00:44:49 +0200"
    },
    "done": true
  },
  "securitycraft:recipes/misc/username_logger": {
    "criteria": {
      "has_redstone": "2025-05-02 00:44:49 +0200"
    },
    "done": true
  },
  "minecraft:recipes/redstone/note_block": {
    "criteria": {
      "has_redstone": "2025-05-02 00:44:49 +0200"
    },
    "done": true
  },
  "minecraft:recipes/redstone/target": {
    "criteria": {
      "has_redstone": "2025-05-02 00:44:49 +0200"
    },
    "done": true
  },
  "minecraft:recipes/redstone/repeater": {
    "criteria": {
      "has_redstone_torch": "2025-05-02 00:44:49 +0200"
    },
    "done": true
  },
  "minecraft:recipes/tools/compass": {
    "criteria": {
      "has_redstone": "2025-05-02 00:44:49 +0200"
    },
    "done": true
  },
  "securitycraft:recipes/redstone/reinforced_redstone_lamp": {
    "criteria": {
      "has_redstone": "2025-05-02 00:44:49 +0200"
    },
    "done": true
  },
  "securitycraft:recipes/misc/portable_tune_player": {
    "criteria": {
      "has_redstone": "2025-05-02 00:44:49 +0200"
    },
    "done": true
  },
  "securitycraft:recipes/misc/keypad_frame": {
    "criteria": {
      "has_redstone": "2025-05-02 00:44:49 +0200"
    },
    "done": true
  },
  "securitycraft:recipes/redstone/portable_radar": {
    "criteria": {
      "has_redstone": "2025-05-02 00:44:49 +0200"
    },
    "done": true
  },
  "securitycraft:recipes/misc/claymore": {
    "criteria": {
      "has_redstone": "2025-05-02 00:44:49 +0200"
    },
    "done": true
  },
  "cgm:recipes/combat/medium_scope": {
    "criteria": {
      "has_redstone": "2025-05-02 00:44:49 +0200"
    },
    "done": true
  },
  "minecraft:recipes/redstone/dropper": {
    "criteria": {
      "has_redstone": "2025-05-02 00:44:49 +0200"
    },
    "done": true
  },
  "securitycraft:recipes/redstone/panic_button": {
    "criteria": {
      "has_redstone": "2025-05-02 00:44:49 +0200"
    },
    "done": true
  },
  "securitycraft:recipes/tools/taser": {
    "criteria": {
      "has_redstone": "2025-05-02 00:44:49 +0200"
    },
    "done": true
  },
  "minecraft:recipes/redstone/redstone_block": {
    "criteria": {
      "has_redstone": "2025-05-02 00:44:49 +0200"
    },
    "done": true
  },
  "securitycraft:recipes/tools/universal_block_modifier": {
    "criteria": {
      "has_redstone": "2025-05-02 00:44:49 +0200"
    },
    "done": true
  },
  "securitycraft:recipes/redstone/reinforced_dropper": {
    "criteria": {
      "has_redstone": "2025-05-02 00:44:49 +0200"
    },
    "done": true
  },
  "securitycraft:recipes/misc/cage_trap": {
    "criteria": {
      "has_redstone": "2025-05-02 00:44:49 +0200"
    },
    "done": true
  },
  "minecraft:recipes/redstone/piston": {
    "criteria": {
      "has_redstone": "2025-05-02 00:44:49 +0200"
    },
    "done": true
  },
  "minecraft:recipes/decorations/white_glazed_terracotta": {
    "criteria": {
      "has_white_terracotta": "2025-05-02 00:49:10 +0200"
    },
    "done": true
  },
  "spartanweaponry:recipes/cestus": {
    "criteria": {
      "has_wool": "2025-05-02 00:49:18 +0200"
    },
    "done": true
  },
  "minecraft:recipes/decorations/painting": {
    "criteria": {
      "has_wool": "2025-05-02 00:49:18 +0200"
    },
    "done": true
  },
  "minecraft:recipes/decorations/black_carpet": {
    "criteria": {
      "has_black_wool": "2025-05-02 00:49:18 +0200"
    },
    "done": true
  },
  "minecraft:recipes/decorations/black_banner": {
    "criteria": {
      "has_black_wool": "2025-05-02 00:49:18 +0200"
    },
    "done": true
  },
  "minecraft:recipes/decorations/black_bed": {
    "criteria": {
      "has_black_wool": "2025-05-02 00:49:18 +0200"
    },
    "done": true
  },
  "immersive_armors:recipes/misc/robe": {
    "criteria": {
      "has_item": "2025-05-02 00:49:18 +0200"
    },
    "done": true
  },
  "minecraft:recipes/decorations/light_blue_glazed_terracotta": {
    "criteria": {
      "has_light_blue_terracotta": "2025-05-02 00:50:01 +0200"
    },
    "done": true
  },
  "minecraft:recipes/building_blocks/lime_terracotta": {
    "criteria": {
      "has_terracotta": "2025-05-02 00:50:40 +0200"
    },
    "done": true
  },
  "minecraft:recipes/building_blocks/light_gray_terracotta": {
    "criteria": {
      "has_terracotta": "2025-05-02 00:50:40 +0200"
    },
    "done": true
  },
  "minecraft:recipes/building_blocks/red_terracotta": {
    "criteria": {
      "has_terracotta": "2025-05-02 00:50:40 +0200"
    },
    "done": true
  },
  "minecraft:recipes/building_blocks/black_terracotta": {
    "criteria": {
      "has_terracotta": "2025-05-02 00:50:40 +0200"
    },
    "done": true
  },
  "minecraft:recipes/building_blocks/pink_terracotta": {
    "criteria": {
      "has_terracotta": "2025-05-02 00:50:40 +0200"
    },
    "done": true
  },
  "minecraft:recipes/building_blocks/blue_terracotta": {
    "criteria": {
      "has_terracotta": "2025-05-02 00:50:40 +0200"
    },
    "done": true
  },
  "minecraft:recipes/building_blocks/light_blue_terracotta": {
    "criteria": {
      "has_terracotta": "2025-05-02 00:50:40 +0200"
    },
    "done": true
  },
  "minecraft:recipes/building_blocks/yellow_terracotta": {
    "criteria": {
      "has_terracotta": "2025-05-02 00:50:40 +0200"
    },
    "done": true
  },
  "minecraft:recipes/building_blocks/purple_terracotta": {
    "criteria": {
      "has_terracotta": "2025-05-02 00:50:40 +0200"
    },
    "done": true
  },
  "minecraft:recipes/building_blocks/white_terracotta": {
    "criteria": {
      "has_terracotta": "2025-05-02 00:50:40 +0200"
    },
    "done": true
  },
  "minecraft:recipes/building_blocks/orange_terracotta": {
    "criteria": {
      "has_terracotta": "2025-05-02 00:50:40 +0200"
    },
    "done": true
  },
  "minecraft:recipes/building_blocks/magenta_terracotta": {
    "criteria": {
      "has_terracotta": "2025-05-02 00:50:40 +0200"
    },
    "done": true
  },
  "minecraft:recipes/building_blocks/cyan_terracotta": {
    "criteria": {
      "has_terracotta": "2025-05-02 00:50:40 +0200"
    },
    "done": true
  },
  "minecraft:recipes/building_blocks/gray_terracotta": {
    "criteria": {
      "has_terracotta": "2025-05-02 00:50:40 +0200"
    },
    "done": true
  },
  "minecraft:recipes/building_blocks/green_terracotta": {
    "criteria": {
      "has_terracotta": "2025-05-02 00:50:40 +0200"
    },
    "done": true
  },
  "minecraft:recipes/building_blocks/brown_terracotta": {
    "criteria": {
      "has_terracotta": "2025-05-02 00:50:40 +0200"
    },
    "done": true
  },
  "minecraft:recipes/decorations/light_gray_glazed_terracotta": {
    "criteria": {
      "has_light_gray_terracotta": "2025-05-02 00:50:43 +0200"
    },
    "done": true
  },
  "minecraft:recipes/building_blocks/stripped_mangrove_wood": {
    "criteria": {
      "has_log": "2025-05-02 00:52:39 +0200"
    },
    "done": true
  },
  "minecraft:recipes/building_blocks/mangrove_planks": {
    "criteria": {
      "has_logs": "2025-05-02 00:52:39 +0200"
    },
    "done": true
  },
  "immersive_armors:recipes/misc/wooden": {
    "criteria": {
      "has_item": "2025-05-02 00:52:39 +0200"
    },
    "done": true
  },
  "minecraft:recipes/decorations/mangrove_hanging_sign": {
    "criteria": {
      "has_stripped_logs": "2025-05-02 00:52:39 +0200"
    },
    "done": true
  },
  "spartanweaponry:recipes/wooden_club": {
    "criteria": {
      "has_wood_log": "2025-05-02 00:52:39 +0200"
    },
    "done": true
  },
  "secretdoors:recipes/decorations/secret_stripped_mangrove_log_trapdoor": {
    "criteria": {
      "has_stripped_mangrove_log": "2025-05-02 00:52:39 +0200"
    },
    "done": true
  },
  "minecraft:recipes/misc/charcoal": {
    "criteria": {
      "has_log": "2025-05-02 00:52:39 +0200"
    },
    "done": true
  },
  "secretdoors:recipes/decorations/secret_stripped_mangrove_log_door": {
    "criteria": {
      "has_stripped_mangrove_log": "2025-05-02 00:52:39 +0200"
    },
    "done": true
  },
  "securitycraft:recipes/misc/sc_manual": {
    "criteria": {
      "has_wood": "2025-05-02 00:52:39 +0200"
    },
    "done": true
  },
  "secretdoors:recipes/decorations/secret_stripped_horizontal_mangrove_log_door": {
    "criteria": {
      "has_stripped_mangrove_log": "2025-05-02 00:52:39 +0200"
    },
    "done": true
  },
  "minecraft:recipes/decorations/black_glazed_terracotta": {
    "criteria": {
      "has_black_terracotta": "2025-05-02 00:53:07 +0200"
    },
    "done": true
  },
  "minecraft:recipes/decorations/red_carpet": {
    "criteria": {
      "has_red_wool": "2025-05-02 00:55:43 +0200"
    },
    "done": true
  },
  "minecraft:recipes/decorations/red_banner": {
    "criteria": {
      "has_red_wool": "2025-05-02 00:55:43 +0200"
    },
    "done": true
  },
  "minecraft:recipes/decorations/red_bed": {
    "criteria": {
      "has_red_wool": "2025-05-02 00:55:43 +0200"
    },
    "done": true
  },
  "minecraft:recipes/decorations/gray_glazed_terracotta": {
    "criteria": {
      "has_gray_terracotta": "2025-05-02 00:58:09 +0200"
    },
    "done": true
  },
  "securitycraft:recipes/building_blocks/secret_birch_sign_item": {
    "criteria": {
      "has_sign": "2025-05-02 01:01:53 +0200"
    },
    "done": true
  },
  "securitycraft:recipes/building_blocks/secret_mangrove_hanging_sign": {
    "criteria": {
      "has_sign": "2025-05-02 01:01:53 +0200"
    },
    "done": true
  },
  "securitycraft:recipes/building_blocks/secret_warped_sign_item": {
    "criteria": {
      "has_sign": "2025-05-02 01:01:53 +0200"
    },
    "done": true
  },
  "securitycraft:recipes/building_blocks/secret_birch_hanging_sign": {
    "criteria": {
      "has_sign": "2025-05-02 01:01:53 +0200"
    },
    "done": true
  },
  "securitycraft:recipes/building_blocks/secret_warped_hanging_sign": {
    "criteria": {
      "has_sign": "2025-05-02 01:01:53 +0200"
    },
    "done": true
  },
  "securitycraft:recipes/building_blocks/secret_jungle_hanging_sign": {
    "criteria": {
      "has_sign": "2025-05-02 01:01:53 +0200"
    },
    "done": true
  },
  "securitycraft:recipes/building_blocks/secret_cherry_hanging_sign": {
    "criteria": {
      "has_sign": "2025-05-02 01:01:53 +0200"
    },
    "done": true
  },
  "securitycraft:recipes/building_blocks/secret_dark_oak_sign_item": {
    "criteria": {
      "has_sign": "2025-05-02 01:01:53 +0200"
    },
    "done": true
  },
  "securitycraft:recipes/building_blocks/secret_dark_oak_hanging_sign": {
    "criteria": {
      "has_sign": "2025-05-02 01:01:53 +0200"
    },
    "done": true
  },
  "securitycraft:recipes/building_blocks/secret_mangrove_sign_item": {
    "criteria": {
      "has_sign": "2025-05-02 01:01:53 +0200"
    },
    "done": true
  },
  "securitycraft:recipes/building_blocks/secret_crimson_sign_item": {
    "criteria": {
      "has_sign": "2025-05-02 01:01:53 +0200"
    },
    "done": true
  },
  "securitycraft:recipes/building_blocks/secret_acacia_sign_item": {
    "criteria": {
      "has_sign": "2025-05-02 01:01:53 +0200"
    },
    "done": true
  },
  "securitycraft:recipes/building_blocks/secret_bamboo_hanging_sign": {
    "criteria": {
      "has_sign": "2025-05-02 01:01:53 +0200"
    },
    "done": true
  },
  "securitycraft:recipes/building_blocks/secret_crimson_hanging_sign": {
    "criteria": {
      "has_sign": "2025-05-02 01:01:53 +0200"
    },
    "done": true
  },
  "securitycraft:recipes/building_blocks/secret_cherry_sign_item": {
    "criteria": {
      "has_sign": "2025-05-02 01:01:53 +0200"
    },
    "done": true
  },
  "securitycraft:recipes/building_blocks/secret_jungle_sign_item": {
    "criteria": {
      "has_sign": "2025-05-02 01:01:53 +0200"
    },
    "done": true
  },
  "securitycraft:recipes/building_blocks/secret_spruce_sign_item": {
    "criteria": {
      "has_sign": "2025-05-02 01:01:53 +0200"
    },
    "done": true
  },
  "securitycraft:recipes/building_blocks/secret_bamboo_sign_item": {
    "criteria": {
      "has_sign": "2025-05-02 01:01:53 +0200"
    },
    "done": true
  },
  "securitycraft:recipes/building_blocks/secret_oak_hanging_sign": {
    "criteria": {
      "has_sign": "2025-05-02 01:01:53 +0200"
    },
    "done": true
  },
  "securitycraft:recipes/building_blocks/secret_acacia_hanging_sign": {
    "criteria": {
      "has_sign": "2025-05-02 01:01:53 +0200"
    },
    "done": true
  },
  "securitycraft:recipes/building_blocks/secret_sign_item": {
    "criteria": {
      "has_sign": "2025-05-02 01:01:53 +0200"
    },
    "done": true
  },
  "securitycraft:recipes/building_blocks/secret_spruce_hanging_sign": {
    "criteria": {
      "has_sign": "2025-05-02 01:01:53 +0200"
    },
    "done": true
  },
  "minecraft:recipes/decorations/white_carpet": {
    "criteria": {
      "has_white_wool": "2025-05-02 01:03:52 +0200"
    },
    "done": true
  },
  "minecraft:recipes/decorations/white_banner": {
    "criteria": {
      "has_white_wool": "2025-05-02 01:03:52 +0200"
    },
    "done": true
  },
  "minecraft:recipes/decorations/white_bed": {
    "criteria": {
      "has_white_wool": "2025-05-02 01:03:52 +0200"
    },
    "done": true
  },
  "minecraft:recipes/misc/beacon": {
    "criteria": {
      "has_nether_star": "2025-05-02 01:07:38 +0200"
    },
    "done": true
  },
  "securitycraft:recipes/tools/codebreaker": {
    "criteria": {
      "has_nether_star": "2025-05-02 01:07:38 +0200"
    },
    "done": true
  },
  "minecraft:end/levitate": {
    "criteria": {
      "levitated": "2025-05-02 18:29:47 +0200"
    },
    "done": true
  },
  "minecraft:adventure/shoot_arrow": {
    "criteria": {
      "shot_arrow": "2025-05-02 20:21:31 +0200"
    },
    "done": true
  },
  "DataVersion": 3465
}