{
  "type": "minecraft:generic",
  "pools": [
    {
      "rolls": {
        "min": 1,
        "max": 1
      },
      "entries": [
        {
          "type": "minecraft:item",
          "name": "minecraft:blaze_powder",
          "weight": 6,
          "functions": [
            {
              "function": "minecraft:set_count",
              "count": {
                "min": 1,
                "max": 1
              }
            }
          ]
        },
        {
          "type": "minecraft:item",
          "name": "minecraft:ghast_tear",
          "weight": 2,
          "functions": [
            {
              "function": "minecraft:set_count",
              "count": {
                "min": 1,
                "max": 1
              }
            }
          ]
        },
        {
          "type": "minecraft:item",
          "name": "minecraft:spider_eye",
          "weight": 10,
          "functions": [
            {
              "function": "minecraft:set_count",
              "count": {
                "min": 1,
                "max": 1
              }
            }
          ]
        },
        {
          "type": "minecraft:item",
          "name": "minecraft:sugar",
          "weight": 6,
          "functions": [
            {
              "function": "minecraft:set_count",
              "count": {
                "min": 1,
                "max": 1
              }
            }
          ]
        },
        {
          "type": "minecraft:item",
          "name": "minecraft:phantom_membrane",
          "weight": 7,
          "functions": [
            {
              "function": "minecraft:set_count",
              "count": {
                "min": 1,
                "max": 1
              }
            }
          ]
        },
        {
          "type": "minecraft:item",
          "name": "minecraft:turtle_helmet",
          "weight": 8,
          "functions": [
            {
              "function": "minecraft:set_count",
              "count": {
                "min": 1,
                "max": 1
              }
            }
          ]
        },
        {
          "type": "minecraft:item",
          "name": "minecraft:fermented_spider_eye",
          "weight": 9,
          "functions": [
            {
              "function": "minecraft:set_count",
              "count": {
                "min": 1,
                "max": 1
              }
            }
          ]
        },
		{
		  "type": "minecraft:item",
		  "name": "minecraft:splash_potion",
		  "weight": 4,
		  "functions": [
			{
			  "function": "minecraft:set_count",
			  "count": {
				"min": 1,
				"max": 1
			  }
			},
			{
			  "function": "minecraft:set_potion",
			  "id": "minecraft:awkward"
			}
		  ]
		},
		{
		  "type": "minecraft:item",
		  "name": "minecraft:glowstone_dust",
		  "weight": 3,
		  "functions": [
			{
			  "function": "minecraft:set_count",
			  "count": {
				"min": 1,
				"max": 1
			  }
			},
			{
			  "function": "minecraft:set_potion",
			  "id": "minecraft:awkward"
			}
		  ]
		},
		{
		  "type": "minecraft:item",
		  "name": "minecraft:lingering_potion",
		  "weight": 2,
		  "functions": [
			{
			  "function": "minecraft:set_count",
			  "count": {
				"min": 1,
				"max": 1
			  }
			},
			{
			  "function": "minecraft:set_potion",
			  "id": "minecraft:strong_slowness"
			}
		  ]
		}
      ]
    }
  ]
}