{"stats":{"minecraft:dropped":{"minecraft:porkchop":16,"minecraft:leather_helmet":1,"minecraft:golden_apple":13,"maniacweapons:test":2,"minecraft:leather_chestplate":1,"maniacweapons:bint":25,"minecraft:shield":1,"minecraft:leather_boots":1,"minecraft:leather_leggings":1,"minecraft:redstone_torch":32},"minecraft:picked_up":{"maniacweapons:bint":32,"maniacweapons:newspaper":1,"minecraft:shield":3,"maniacweapons:test":2,"minecraft:porkchop":19,"maniacweapons:aptechka":1,"minecraft:firework_rocket":528,"maniacweapons:adrenalain":5,"minecraft:painting":1,"minecraft:golden_apple":16,"minecraft:saddle":1},"minecraft:custom":{"minecraft:interact_with_anvil":2,"minecraft:mob_kills":4,"minecraft:interact_with_crafting_table":3,"minecraft:leave_game":15,"minecraft:time_since_death":147,"minecraft:sleep_in_bed":2,"minecraft:climb_one_cm":16176,"minecraft:damage_resisted":20149,"minecraft:time_since_rest":148,"minecraft:sprint_one_cm":4526708,"minecraft:walk_one_cm":1419210,"minecraft:damage_taken":40898,"minecraft:damage_absorbed":80,"minecraft:damage_blocked_by_shield":1248,"minecraft:drop":62,"minecraft:damage_dealt":14975,"minecraft:swim_one_cm":304683,"minecraft:player_kills":59,"minecraft:fly_one_cm":7129475,"minecraft:crouch_one_cm":41280,"minecraft:play_time":1096979,"minecraft:deaths":143,"minecraft:sneak_time":52510,"minecraft:walk_under_water_one_cm":55083,"minecraft:interact_with_lectern":17,"minecraft:jump":19752,"minecraft:walk_on_water_one_cm":37730,"minecraft:total_world_time":1096979,"minecraft:fall_one_cm":592101,"minecraft:inspect_dispenser":3,"minecraft:horse_one_cm":6112},"minecraft:killed_by":{"minecraft:player":104},"minecraft:broken":{"minecraft:shield":1},"minecraft:killed":{"minecraft:pig":2},"minecraft:crafted":{"minecraft:firework_star":64,"minecraft:firework_rocket":192},"minecraft:used":{"minecraft:trident":106,"spartanweaponry:cestus":27,"minecraft:stone_sword":55,"securitycraft:reinforced_gray_concrete":24,"minecraft:snow_block":2,"minecraft:redstone":10,"cgm:pistol":3,"minecraft:dispenser":1,"minecraft:dark_oak_sign":1,"maniacweapons:elctro_tool":2,"cgm:stun_grenade":23,"minecraft:light_blue_terracotta":12,"minecraft:shield":38,"minecraft:white_terracotta":158,"spartanweaponry:wooden_pike":1,"minecraft:iron_sword":16,"maniacweapons:knife":253,"minecraft:white_wool":16,"minecraft:golden_apple":5,"minecraft:crafting_table":1,"minecraft:light_gray_terracotta":104,"minecraft:crossbow":4,"spartanweaponry:stone_greatsword":20,"minecraft:redstone_torch":5,"minecraft:black_terracotta":16,"minecraft:gray_terracotta":30,"maniacweapons:cup_beer":2,"minecraft:black_wool":73,"maniacweapons:dubinka":12,"minecraft:firework_rocket":31,"minecraft:red_wool":40,"maniacweapons:kosa":11,"minecraft:grass_block":4,"minecraft:iron_axe":13,"minecraft:quartz_block":1,"minecraft:netherite_axe":6,"spartanweaponry:wooden_scythe":16,"spartanweaponry:wooden_boomerang":18,"minecraft:blue_carpet":1,"minecraft:stripped_mangrove_log":3,"minecraft:fishing_rod":18,"minecraft:wooden_sword":85,"minecraft:repeater":3,"minecraft:snow":4,"maniacweapons:benzop":20,"minecraft:chain":2,"minecraft:polished_blackstone_button":2,"minecraft:splash_potion":19},"minecraft:mined":{"minecraft:blue_carpet":1}},"DataVersion":3465}