{"stats":{"minecraft:killed":{"minecraft:horse":1,"minecraft:chicken":1,"minecraft:drowned":1,"minecraft:pig":10,"minecraft:zombie":2,"minecraft:glow_squid":1},"minecraft:broken":{"minecraft:shield":2},"minecraft:picked_up":{"spartanweaponry:cestus":3,"minecraft:wheat":2,"cgm:basic_bullet":1536,"minecraft:splash_potion":18,"minecraft:string":1,"maniacweapons:totem_spawn_egg":1,"minecraft:gold_nugget":1,"minecraft:netherite_sword":1,"cgm:mini_gun":2,"minecraft:redstone_torch":32,"magistuarmory:knight_leggings":1,"minecraft:player_head":4,"magistuarmory:knight_boots":1,"minecraft:spruce_trapdoor":7,"minecraft:porkchop":18,"securitycraft:keycard_reader":64,"minecraft:iron_horse_armor":1,"minecraft:goat_horn":30,"minecraft:carved_pumpkin":8,"minecraft:saddle":12,"minecraft:blaze_rod":1,"maniacweapons:open_gen_value_inf":2,"minecraft:feather":2,"minecraft:cherry_planks":3,"minecraft:glow_ink_sac":3,"minecraft:leather":6,"magistuarmory:armet":1,"minecraft:flint":1,"minecraft:bedrock":1,"cgm:heavy_rifle":3,"maniacweapons:test":2,"maniacweapons:invisibility":1,"minecraft:raw_gold":2,"minecraft:heart_of_the_sea":1,"minecraft:iron_ingot":1,"maniacweapons:bong":1,"spartanweaponry:stone_battle_hammer":1,"cgm:rifle":1,"magistuarmory:knight_chestplate":1,"maniacweapons:biblia":3,"minecraft:sea_lantern":1,"securitycraft:whitelist_module":1,"cgm:shell":128,"minecraft:sculk_sensor":11,"minecraft:black_concrete":1,"maniacweapons:knife":1,"maniacweapons:adrenalain":75,"minecraft:painting":12,"minecraft:white_concrete":1,"minecraft:bone_meal":1,"minecraft:golden_apple":9,"minecraft:red_concrete":1,"minecraft:ender_pearl":4},"minecraft:used":{"maniacweapons:theswordoffun":162,"minecraft:oak_trapdoor":1,"minecraft:moss_block":6,"minecraft:netherite_sword":5,"minecraft:trident":111,"minecraft:iron_bars":17,"minecraft:blue_terracotta":14,"minecraft:writable_book":20,"spartanweaponry:cestus":70,"secretdoors:secret_spruce_plank_trapdoor":2,"minecraft:stone_sword":88,"spartanweaponry:iron_parrying_dagger":42,"minecraft:red_concrete":28,"minecraft:armor_stand":34,"minecraft:spruce_slab":3,"minecraft:redstone":71,"minecraft:spruce_planks":19,"minecraft:oak_sign":27,"moredoors:light_gray_concrete_door":4,"minecraft:light_blue_terracotta":6,"minecraft:polished_basalt":34,"minecraft:shield":47,"minecraft:chest":6,"minecraft:donkey_spawn_egg":3,"spartanweaponry:wooden_pike":16,"minecraft:stone":1,"minecraft:iron_sword":29,"minecraft:zombie_spawn_egg":65,"securitycraft:keypad_door_item":2,"minecraft:quartz_stairs":8,"minecraft:player_head":55,"minecraft:sculk_sensor":36,"minecraft:torch":1,"minecraft:debug_stick":24,"moredoors:stripped_oak_log_door":2,"minecraft:dirt":24,"minecraft:anvil":1,"minecraft:target":16,"minecraft:white_carpet":106,"minecraft:hopper":1,"minecraft:spruce_stairs":3,"spartanweaponry:diamond_dagger":1,"minecraft:nether_brick_slab":2,"minecraft:orange_wool":7,"moredoors:gray_concrete_door":1,"minecraft:pink_terracotta":2,"cgm:rifle":8,"spartanweaponry:netherite_lance":9,"minecraft:blue_concrete":5,"spartanweaponry:stone_greatsword":48,"secretdoors:secret_stone_bricks_trapdoor":1,"minecraft:polished_diorite":49,"moredoors:lime_terracotta_door":1,"minecraft:glow_squid_spawn_egg":1,"minecraft:purple_banner":1,"securitycraft:keycard_reader":4,"minecraft:polished_blackstone_slab":1,"minecraft:dark_oak_planks":2,"minecraft:stone_brick_slab":2,"maniacweapons:cup_beer":9,"minecraft:honey_block":4,"minecraft:sea_lantern":3,"minecraft:cyan_terracotta":1,"minecraft:bricks":5,"minecraft:bookshelf":17,"minecraft:quartz_pillar":4,"minecraft:grass_block":168,"secretdoors:secret_polished_basalt_door":13,"minecraft:iron_block":293,"minecraft:iron_axe":12,"minecraft:smooth_sandstone":3,"minecraft:acacia_slab":16,"spartanweaponry:wooden_katana":9,"spartanweaponry:iron_rapier":4,"minecraft:dark_oak_leaves":1,"minecraft:smooth_quartz":8,"spartanweaponry:netherite_scythe":2,"minecraft:totem_of_undying":1,"minecraft:crimson_planks":1,"minecraft:stone_brick_stairs":18,"minecraft:barrel":2,"minecraft:stone_bricks":212,"minecraft:bedrock":54,"minecraft:repeater":5,"minecraft:redstone_lamp":3,"minecraft:red_carpet":8,"minecraft:lime_concrete":4,"minecraft:bow":4,"secretdoors:secret_stripped_oak_log_door":5,"minecraft:emerald_block":50,"minecraft:written_book":9,"minecraft:iron_trapdoor":2,"minecraft:goat_horn":12,"minecraft:white_stained_glass_pane":5,"secretdoors:secret_dark_prismarine_door":2,"minecraft:gold_block":76,"minecraft:stone_pressure_plate":50,"minecraft:gray_banner":10,"cgm:heavy_rifle":13,"minecraft:water_bucket":26,"minecraft:quartz_bricks":16,"minecraft:dark_oak_stairs":1,"secretdoors:secret_quartz_block_door":4,"minecraft:bamboo_trapdoor":4,"minecraft:chiseled_bookshelf":9,"minecraft:diorite":100,"minecraft:amethyst_block":2,"maniacweapons:totem_spawn_egg":3,"minecraft:spruce_door":1,"minecraft:birch_planks":4,"spartanweaponry:iron_lance":2,"minecraft:gray_carpet":2,"cgm:pistol":11,"minecraft:polished_andesite":32,"minecraft:dark_oak_sign":1,"minecraft:oak_planks":6,"cgm:stun_grenade":9,"minecraft:blackstone":1,"minecraft:ender_pearl":4,"secretdoors:secret_diorite_trapdoor":3,"minecraft:redstone_block":23,"minecraft:blue_concrete_powder":5,"minecraft:clay":3,"maniacweapons:knife":152,"minecraft:horse_spawn_egg":2,"minecraft:smooth_quartz_stairs":2,"secretdoors:secret_horizontal_spruce_log_door":2,"minecraft:golden_apple":9,"secretdoors:secret_andesite_trapdoor":5,"minecraft:diamond_block":3,"minecraft:sand":5,"minecraft:light_blue_concrete":4,"minecraft:birch_sign":1,"maniacweapons:blood_rage":2,"minecraft:light_gray_terracotta":13,"minecraft:crossbow":21,"minecraft:sculk_shrieker":39,"minecraft:blue_ice":1,"moredoors:green_concrete_door":1,"minecraft:light_gray_concrete_powder":12,"moredoors:shroomlight_door":1,"minecraft:gray_concrete":44,"minecraft:painting":41,"minecraft:black_concrete_powder":13,"moredoors:white_concrete_door":5,"spartanweaponry:netherite_boomerang":2,"secretdoors:secret_quartz_bricks_door":1,"minecraft:cake":1,"minecraft:spruce_log":64,"maniacweapons:newspaper":66,"minecraft:flower_pot":1,"minecraft:redstone_torch":17,"minecraft:oak_log":82,"minecraft:netherite_block":14,"minecraft:sticky_piston":1,"minecraft:dark_prismarine":5,"securitycraft:reinforced_light_gray_stained_glass_pane":4,"minecraft:lever":30,"minecraft:green_concrete":3,"minecraft:light":11,"maniacweapons:dubinka":25,"minecraft:black_concrete":60,"securitycraft:reinforced_light_blue_stained_glass_pane":2,"minecraft:command_block":61,"minecraft:light_gray_concrete":12,"minecraft:map":7,"maniacweapons:kosa":316,"minecraft:barrier":43,"spartanweaponry:stone_lance":1,"maniacweapons:microphone":54,"minecraft:cyan_carpet":67,"minecraft:stone_button":17,"minecraft:netherite_axe":48,"minecraft:red_terracotta":2,"spartanweaponry:iron_heavy_crossbow":5,"minecraft:cyan_concrete":1,"minecraft:stone_slab":1,"minecraft:polished_granite":9,"minecraft:spruce_trapdoor":37,"maniacweapons:bita":69,"minecraft:iron_door":10,"spartanweaponry:wooden_scythe":5,"spartanweaponry:wooden_boomerang":22,"securitycraft:reinforced_white_stained_glass":7,"minecraft:wooden_sword":47,"minecraft:fishing_rod":61,"minecraft:diamond_sword":3,"minecraft:potion":1,"maniacweapons:benzop":39,"minecraft:andesite":6,"minecraft:andesite_stairs":10,"minecraft:magenta_glazed_terracotta":2,"minecraft:repeating_command_block":41,"minecraft:white_stained_glass":1,"minecraft:smooth_stone_slab":11,"minecraft:polished_blackstone_button":2,"minecraft:stripped_oak_log":39,"minecraft:white_concrete":66,"minecraft:air":1,"cgm:mini_gun":417,"minecraft:splash_potion":17,"minecraft:cobweb":66,"spartanweaponry:iron_scythe":26,"minecraft:smooth_stone":42,"secretdoors:secret_polished_diorite_trapdoor":6,"maniacweapons:biblia":52,"moredoors:green_terracotta_door":1},"minecraft:killed_by":{"minecraft:player":134,"minecraft:zombie":1},"minecraft:custom":{"minecraft:mob_kills":16,"minecraft:interact_with_anvil":3,"minecraft:inspect_hopper":1,"minecraft:open_barrel":6,"minecraft:open_shulker_box":3,"minecraft:eat_cake_slice":7,"minecraft:time_since_death":5061,"minecraft:leave_game":104,"minecraft:climb_one_cm":19609,"minecraft:damage_resisted":19233,"minecraft:sprint_one_cm":6844986,"minecraft:damage_blocked_by_shield":1547,"minecraft:walk_one_cm":4890915,"minecraft:drop":181,"minecraft:play_time":3604085,"minecraft:deaths":220,"minecraft:sneak_time":77845,"minecraft:walk_under_water_one_cm":468126,"minecraft:interact_with_lectern":72,"minecraft:jump":40778,"minecraft:walk_on_water_one_cm":164901,"minecraft:total_world_time":3604085,"minecraft:time_since_rest":5065,"minecraft:damage_taken":45176,"minecraft:open_enderchest":1,"minecraft:damage_absorbed":356,"minecraft:trigger_trapped_chest":12,"minecraft:damage_dealt":38263,"minecraft:interact_with_beacon":1,"minecraft:swim_one_cm":1094330,"minecraft:fly_one_cm":23927635,"minecraft:player_kills":130,"minecraft:open_chest":44,"minecraft:crouch_one_cm":128737,"minecraft:fall_one_cm":788923,"minecraft:inspect_dispenser":1,"minecraft:horse_one_cm":44576},"minecraft:dropped":{"minecraft:sculk_shrieker":64,"minecraft:nether_star":1,"minecraft:leather":1,"maniacweapons:bong":1,"minecraft:command_block":64,"minecraft:saddle":5,"minecraft:bedrock":1,"minecraft:rail":1,"minecraft:golden_apple":11,"spartanweaponry:netherite_lance":1,"maniacweapons:knife":1,"maniacweapons:adrenalain":74,"minecraft:redstone":64,"spartanweaponry:cestus":5,"minecraft:goat_horn":2,"maniacweapons:biblia":3,"minecraft:player_head":4,"minecraft:sculk_sensor":75,"maniacweapons:test":65,"maniacweapons:open_gen_value_inf":3,"minecraft:spruce_trapdoor":7,"minecraft:hopper":1,"minecraft:carved_pumpkin":10,"maniacweapons:totem_spawn_egg":68,"securitycraft:camera_monitor":7,"cgm:heavy_rifle":1,"spartanweaponry:iron_rapier":1,"minecraft:splash_potion":18}},"DataVersion":3465}