{"stats":{"minecraft:used":{"minecraft:oak_fence":4,"minecraft:moss_block":3,"securitycraft:keypad_blast_furnace":1,"minecraft:trident":175,"securitycraft:reinforced_orange_stained_glass":1,"minecraft:netherite_sword":8,"minecraft:blue_terracotta":8,"minecraft:writable_book":10,"minecraft:iron_bars":2,"minecraft:stone_sword":4,"minecraft:flint_and_steel":2,"minecraft:armor_stand":20,"minecraft:smooth_quartz_slab":205,"minecraft:spruce_slab":2,"minecraft:red_concrete":351,"securitycraft:keypad_chest":1,"minecraft:redstone":47,"minecraft:elytra":1,"minecraft:oak_sign":79,"minecraft:black_carpet":6,"minecraft:spruce_planks":22,"minecraft:decorated_pot":2,"minecraft:chest":13,"minecraft:tinted_glass":3,"minecraft:white_terracotta":8,"minecraft:ender_chest":2,"minecraft:stone":51,"minecraft:iron_sword":22,"securitycraft:keypad_door_item":1,"minecraft:stripped_jungle_wood":5,"securitycraft:security_camera":11,"minecraft:brown_shulker_box":29,"securitycraft:reinforced_cyan_stained_glass":39,"securitycraft:reinforced_blue_ice":9,"minecraft:smooth_sandstone_stairs":7,"minecraft:green_terracotta":8,"minecraft:dirt":109,"minecraft:anvil":13,"cgm:workbench":4,"minecraft:white_carpet":10,"minecraft:jungle_planks":11,"minecraft:spruce_stairs":14,"minecraft:jungle_slab":3,"minecraft:oak_wood":47,"minecraft:yellow_carpet":6,"minecraft:jungle_trapdoor":2,"cgm:rifle":45,"securitycraft:reinforced_light_blue_stained_glass":127,"minecraft:light_blue_stained_glass":4,"minecraft:stripped_spruce_log":2,"minecraft:shroomlight":7,"securitycraft:keycard_reader":12,"minecraft:glass":7,"securitycraft:camera_monitor":18,"minecraft:sea_lantern":43,"minecraft:lava_bucket":14,"minecraft:bricks":15,"minecraft:bookshelf":7,"minecraft:quartz_slab":7,"minecraft:red_wool":207,"minecraft:grass_block":214,"minecraft:iron_block":118,"minecraft:oak_stairs":8,"securitycraft:block_change_detector":1,"minecraft:smooth_sandstone":19,"minecraft:quartz_block":357,"minecraft:dark_oak_wood":4,"minecraft:dark_oak_leaves":2,"minecraft:dark_oak_slab":2,"minecraft:smooth_quartz":3,"minecraft:totem_of_undying":2,"minecraft:birch_button":2,"minecraft:repeater":52,"minecraft:red_carpet":1,"minecraft:tripwire_hook":2,"minecraft:bow":3,"minecraft:brown_carpet":3,"securitycraft:reinforced_lime_stained_glass":18,"minecraft:emerald_block":36,"minecraft:goat_horn":9,"minecraft:written_book":9,"minecraft:iron_trapdoor":4,"securitycraft:reinforced_glass":2,"minecraft:white_stained_glass_pane":6,"securitycraft:reinforced_black_stained_glass":26,"securitycraft:reinforced_purple_stained_glass":4,"securitycraft:reinforced_yellow_stained_glass":1,"minecraft:stone_pressure_plate":44,"maniac_weapons:benzopila":7,"cgm:heavy_rifle":3,"securitycraft:reinforced_stone_button":6,"securitycraft:reinforced_white_stained_glass_pane":8,"minecraft:light_blue_carpet":2,"minecraft:water_bucket":1,"minecraft:diorite":23,"minecraft:leather_leggings":1,"minecraft:spruce_door":4,"securitycraft:door_indestructible_iron_item":6,"minecraft:birch_planks":4,"minecraft:red_stained_glass":11,"cgm:pistol":150,"minecraft:gray_carpet":19,"securitycraft:reinforced_cyan_stained_glass_pane":9,"minecraft:oak_planks":45,"minecraft:birch_wood":19,"minecraft:andesite_slab":3,"minecraft:blackstone":2,"securitycraft:panic_button":2,"minecraft:leather_chestplate":3,"securitycraft:keypad_frame":2,"minecraft:redstone_block":53,"minecraft:beacon":8,"minecraft:leather_boots":1,"minecraft:calibrated_sculk_sensor":1,"securitycraft:keypad_barrel":1,"minecraft:smooth_quartz_stairs":11,"securitycraft:reinforced_glass_pane":3,"maniac_weapons:bat":11,"minecraft:glow_item_frame":65,"minecraft:diamond_block":60,"minecraft:terracotta":4,"minecraft:comparator":2,"minecraft:light_blue_concrete":39,"minecraft:tnt":1,"minecraft:oak_slab":8,"minecraft:crafting_table":7,"minecraft:light_blue_wool":128,"minecraft:black_banner":5,"minecraft:light_gray_terracotta":2,"securitycraft:reinforced_red_stained_glass":1,"minecraft:crossbow":68,"minecraft:blue_ice":1,"minecraft:chiseled_quartz_block":5,"cgm:bazooka":1,"minecraft:light_gray_concrete_powder":1,"minecraft:infested_deepslate":32,"minecraft:gray_concrete":57,"minecraft:painting":90,"securitycraft:keycard_lock":3,"minecraft:cake":1,"minecraft:dark_oak_door":2,"minecraft:piston":1,"minecraft:sticky_piston":3,"minecraft:netherite_block":15,"minecraft:green_concrete":7,"minecraft:lever":25,"securitycraft:reinforced_lever":2,"minecraft:black_concrete":147,"minecraft:firework_rocket":8,"securitycraft:reinforced_light_blue_stained_glass_pane":94,"minecraft:command_block":95,"minecraft:light_gray_concrete":70,"minecraft:heavy_weighted_pressure_plate":6,"minecraft:string":1,"minecraft:barrier":33,"minecraft:cyan_carpet":3,"minecraft:stone_button":28,"minecraft:netherite_axe":10,"minecraft:lectern":2,"minecraft:leather_helmet":1,"minecraft:polished_granite":1,"securitycraft:smart_module":1,"minecraft:oak_pressure_plate":7,"minecraft:iron_door":3,"minecraft:yellow_wool":6,"minecraft:blue_carpet":2,"minecraft:blackstone_slab":9,"securitycraft:reinforced_white_stained_glass":62,"minecraft:diamond_sword":49,"minecraft:fishing_rod":14,"minecraft:potion":1,"minecraft:white_banner":8,"minecraft:andesite":3,"securitycraft:admin_tool":1,"minecraft:white_stained_glass":28,"minecraft:chain_command_block":422,"minecraft:lapis_block":1,"minecraft:repeating_command_block":84,"minecraft:smooth_stone_slab":2,"minecraft:polished_blackstone_button":1,"minecraft:stripped_oak_log":168,"securitycraft:keypad_smoker":1,"minecraft:white_concrete":902,"cgm:mini_gun":35,"minecraft:splash_potion":45,"securitycraft:whitelist_module":22,"minecraft:brown_mushroom_block":4,"securitycraft:glow_display_case":1},"minecraft:killed":{"minecraft:sniffer":1},"minecraft:custom":{"minecraft:mob_kills":1,"minecraft:interact_with_anvil":46,"minecraft:inspect_hopper":4,"minecraft:interact_with_crafting_table":7,"minecraft:open_barrel":14,"minecraft:open_shulker_box":2,"minecraft:eat_cake_slice":4,"minecraft:leave_game":39,"minecraft:time_since_death":362758,"minecraft:climb_one_cm":3115,"minecraft:damage_resisted":138,"minecraft:sprint_one_cm":1468136,"minecraft:walk_one_cm":954076,"minecraft:drop":193,"minecraft:play_time":1602172,"minecraft:deaths":12,"minecraft:sneak_time":26117,"minecraft:walk_under_water_one_cm":16469,"minecraft:interact_with_lectern":36,"minecraft:jump":10508,"minecraft:interact_with_brewingstand":1,"minecraft:walk_on_water_one_cm":10050,"minecraft:total_world_time":1602172,"minecraft:interact_with_furnace":11,"minecraft:time_since_rest":362760,"minecraft:open_enderchest":6,"minecraft:damage_taken":7187,"minecraft:damage_absorbed":29,"minecraft:damage_dealt":7434,"minecraft:interact_with_beacon":6,"minecraft:swim_one_cm":1002,"minecraft:fly_one_cm":12627490,"minecraft:player_kills":24,"minecraft:open_chest":198,"minecraft:crouch_one_cm":27746,"minecraft:aviate_one_cm":136921,"minecraft:fall_one_cm":80984,"minecraft:inspect_dispenser":8},"minecraft:killed_by":{"minecraft:player":5},"minecraft:crafted":{"securitycraft:lens":2,"cgm:rifle":2,"cgm:pistol":3},"minecraft:mined":{"minecraft:fire":1},"minecraft:dropped":{"minecraft:iron_sword":1,"securitycraft:limited_use_keycard":1,"minecraft:crossbow":2,"minecraft:command_block":71,"securitycraft:lens":64,"minecraft:item_frame":1,"minecraft:stick":63,"securitycraft:keycard_lv2":1,"securitycraft:keycard_lv1":1,"minecraft:iron_axe":1,"minecraft:acacia_door":5,"securitycraft:whitelist_module":2,"cgm:rifle":1,"minecraft:anvil":5,"cgm:pistol":3,"minecraft:goat_horn":1,"securitycraft:keycard_lv5":1679,"securitycraft:motion_activated_light":1,"minecraft:totem_of_undying":46,"minecraft:oak_sign":2,"minecraft:diamond_sword":1,"minecraft:trident":1,"securitycraft:keycard_lv3":1,"minecraft:diamond_boots":1,"minecraft:painting":1,"securitycraft:keycard_lv4":1,"securitycraft:camera_monitor":8,"minecraft:arrow":64,"minecraft:chain_command_block":1,"securitycraft:keycard_reader":1,"minecraft:splash_potion":1},"minecraft:picked_up":{"cgm:basic_bullet":576,"securitycraft:keypad_item":1,"minecraft:anvil":5,"minecraft:leather_leggings":2,"minecraft:diamond_sword":3,"maniac_weapons:benzopila":1,"minecraft:enchanted_book":1,"minecraft:elytra":1,"minecraft:iron_axe":1,"minecraft:acacia_door":3,"minecraft:wooden_sword":1,"minecraft:item_frame":1,"minecraft:white_stained_glass":1,"minecraft:oak_sign":3,"minecraft:written_book":15,"minecraft:chest":1,"securitycraft:keycard_lv5":2939,"cgm:light_grip":1,"minecraft:stone":1,"minecraft:glow_item_frame":1,"securitycraft:camera_monitor":7,"securitycraft:lens":2,"securitycraft:keycard_reader":1,"minecraft:trident":1,"minecraft:redstone":1,"minecraft:prismarine_crystals":10,"minecraft:blue_carpet":1,"minecraft:goat_horn":3,"minecraft:repeating_command_block":1,"minecraft:arrow":64,"minecraft:command_block":71,"minecraft:rotten_flesh":2,"cgm:assault_rifle":1,"minecraft:diamond_boots":1,"minecraft:totem_of_undying":12,"securitycraft:admin_tool":1,"minecraft:leather_chestplate":2,"minecraft:barrier":1,"minecraft:iron_door":1,"minecraft:dirt":93,"minecraft:white_banner":1,"minecraft:leather_boots":1,"minecraft:glass":1,"securitycraft:security_camera":2,"minecraft:tall_grass":1,"minecraft:oak_planks":1,"minecraft:iron_sword":4,"securitycraft:keycard_lock":1,"securitycraft:motion_activated_light":1,"cgm:rifle":2,"securitycraft:limited_use_keycard":1,"minecraft:sea_lantern":1,"minecraft:leather_helmet":1,"securitycraft:whitelist_module":12,"cgm:pistol":4,"minecraft:light_gray_terracotta":1,"minecraft:painting":3,"minecraft:crossbow":4,"cgm:workbench":1,"minecraft:smooth_quartz_slab":1}},"DataVersion":3465}