{"stats":{"minecraft:dropped":{"cgm:rifle":1,"spartanweaponry:cestus":191,"minecraft:porkchop":7493,"minecraft:goat_horn":3,"maniacweapons:biblia":46,"spartanweaponry:iron_parrying_dagger":1,"minecraft:netherite_ingot":4,"maniacweapons:microphone":1,"minecraft:glass_bottle":4,"minecraft:nether_star":19,"minecraft:netherite_axe":1527,"minecraft:netherite_helmet":1,"maniacweapons:powder":60,"securitycraft:keycard_lv5":1,"minecraft:leather":1,"minecraft:saddle":2,"cgm:assault_rifle":1,"minecraft:salmon":2,"minecraft:leather_helmet":14,"minecraft:golden_apple":103,"maniacweapons:test":1472,"minecraft:leather_chestplate":17,"maniacweapons:bint":11,"minecraft:shield":41,"minecraft:trident":5,"minecraft:leather_boots":22,"minecraft:cherry_planks":74,"minecraft:leather_leggings":8,"minecraft:painting":3,"maniacweapons:aptechka":1,"maniacweapons:adrenalain":107,"minecraft:arrow":16,"cgm:heavy_rifle":1,"minecraft:paper":12,"cgm:shell":128,"maniacweapons:theswordoffun":2},"minecraft:picked_up":{"spartanweaponry:cestus":193,"minecraft:leather_chestplate":19,"cgm:basic_bullet":1664,"maniacweapons:bint":11,"minecraft:chicken":1,"minecraft:cherry_planks":100,"minecraft:salmon":2,"minecraft:leather_leggings":9,"minecraft:leather":5,"minecraft:lead":1,"minecraft:potion":2,"maniacweapons:newspaper":1,"cgm:heavy_rifle":1,"minecraft:shield":41,"maniacweapons:test":2078,"minecraft:paper":12,"cgm:machine_pistol":2,"minecraft:leather_boots":23,"cgm:shotgun":1,"minecraft:item_frame":1,"minecraft:netherite_ingot":5,"maniacweapons:theswordoffun":2,"minecraft:tnt_minecart":1,"minecraft:netherite_sword":1,"minecraft:netherite_axe":1526,"minecraft:glass_bottle":4,"cgm:advanced_bullet":192,"maniacweapons:powder":76,"maniacweapons:necro_posoh":1,"minecraft:pumpkin":1,"cgm:rifle":1,"minecraft:porkchop":7621,"spartanweaponry:iron_parrying_dagger":1,"minecraft:trident":4,"maniacweapons:biblia":48,"minecraft:goat_horn":15,"minecraft:leather_helmet":16,"maniacweapons:aptechka":2,"cgm:shell":896,"maniacweapons:microphone":1,"cgm:stun_grenade":1,"minecraft:arrow":16,"minecraft:rotten_flesh":2,"cgm:assault_rifle":2,"maniacweapons:adrenalain":112,"minecraft:painting":11,"minecraft:golden_apple":105,"minecraft:saddle":10,"minecraft:totem_of_undying":1,"minecraft:nether_star":19},"minecraft:custom":{"minecraft:interact_with_anvil":6,"minecraft:mob_kills":4,"minecraft:open_barrel":5,"minecraft:leave_game":18,"minecraft:time_since_death":4095,"minecraft:climb_one_cm":12760,"minecraft:damage_resisted":31237,"minecraft:time_since_rest":4096,"minecraft:damage_absorbed":681,"minecraft:sprint_one_cm":6347680,"minecraft:damage_taken":46445,"minecraft:walk_one_cm":4956237,"minecraft:damage_blocked_by_shield":2840,"minecraft:drop":2842,"minecraft:damage_dealt":36029,"minecraft:swim_one_cm":424944,"minecraft:player_kills":117,"minecraft:fly_one_cm":9235407,"minecraft:open_chest":5,"minecraft:crouch_one_cm":60500,"minecraft:play_time":1564133,"minecraft:deaths":192,"minecraft:sneak_time":33231,"minecraft:walk_under_water_one_cm":88559,"minecraft:interact_with_lectern":54,"minecraft:jump":28720,"minecraft:walk_on_water_one_cm":55800,"minecraft:total_world_time":1564133,"minecraft:interact_with_furnace":7,"minecraft:fall_one_cm":873608,"minecraft:horse_one_cm":46687},"minecraft:killed_by":{"minecraft:player":134},"minecraft:broken":{"minecraft:shield":5,"spartanweaponry:iron_lance":1,"spartanweaponry:wooden_boomerang":1},"minecraft:killed":{"minecraft:wolf":1,"minecraft:zombie":1},"minecraft:used":{"minecraft:leather_leggings":1,"maniacweapons:theswordoffun":47,"cgm:machine_pistol":47,"minecraft:stone_sword":5,"minecraft:trident":46,"spartanweaponry:cestus":66,"spartanweaponry:iron_parrying_dagger":5,"spartanweaponry:iron_lance":3,"minecraft:smooth_quartz_slab":20,"cgm:pistol":15,"cgm:stun_grenade":8,"minecraft:leather_chestplate":2,"minecraft:shield":171,"spartanweaponry:wooden_pike":11,"minecraft:iron_sword":19,"minecraft:leather_boots":1,"maniacweapons:knife":34,"minecraft:golden_apple":15,"spartanweaponry:iron_katana":9,"minecraft:crossbow":20,"minecraft:painting":83,"cgm:rifle":2,"minecraft:lingering_potion":6,"spartanweaponry:stone_greatsword":37,"maniacweapons:newspaper":14,"maniacweapons:dubinka":1,"maniacweapons:cup_beer":4,"minecraft:black_concrete":1,"minecraft:sea_lantern":2,"cgm:shotgun":18,"maniacweapons:microphone":1,"maniacweapons:kosa":9,"minecraft:iron_axe":17,"minecraft:stone_button":1,"minecraft:netherite_axe":231,"minecraft:oak_button":1,"minecraft:quartz_block":2,"spartanweaponry:wooden_katana":4,"minecraft:leather_helmet":2,"maniacweapons:adrenalain":1,"maniacweapons:bita":109,"spartanweaponry:iron_pike":8,"minecraft:totem_of_undying":7,"spartanweaponry:wooden_boomerang":43,"cgm:assault_rifle":121,"cgm:grenade_launcher":15,"minecraft:potion":2,"minecraft:wooden_sword":87,"minecraft:fishing_rod":10,"maniacweapons:invisibility":2,"minecraft:bow":1,"maniacweapons:benzop":63,"minecraft:goat_horn":58,"minecraft:glass_pane":6,"minecraft:white_concrete":1,"cgm:mini_gun":192,"minecraft:netherite_sword":9,"minecraft:enchanted_golden_apple":1,"minecraft:pumpkin":1,"cgm:heavy_rifle":18,"minecraft:splash_potion":18,"maniacweapons:biblia":19,"minecraft:iron_bars":3}},"DataVersion":3465}