{"stats":{"minecraft:custom":{"minecraft:time_since_rest":88,"minecraft:walk_one_cm":833568,"minecraft:sprint_one_cm":1388575,"minecraft:damage_taken":13733,"minecraft:damage_absorbed":361,"minecraft:drop":13,"minecraft:damage_dealt":5144,"minecraft:fly_one_cm":1927484,"minecraft:player_kills":15,"minecraft:open_chest":4,"minecraft:crouch_one_cm":9878,"minecraft:play_time":378240,"minecraft:deaths":67,"minecraft:sneak_time":3548,"minecraft:walk_under_water_one_cm":4592,"minecraft:interact_with_lectern":27,"minecraft:jump":6347,"minecraft:leave_game":5,"minecraft:walk_on_water_one_cm":3491,"minecraft:time_since_death":86,"minecraft:damage_resisted":7770,"minecraft:total_world_time":378240,"minecraft:fall_one_cm":171253},"minecraft:killed_by":{"minecraft:player":33},"minecraft:broken":{"minecraft:golden_boots":1,"minecraft:golden_leggings":1},"minecraft:used":{"minecraft:wooden_axe":1,"minecraft:leather_leggings":5,"minecraft:stone_sword":10,"minecraft:iron_axe":1,"minecraft:leather_boots":5,"minecraft:totem_of_undying":8,"maniac_weapons:bat":72,"minecraft:fishing_rod":42,"minecraft:wooden_sword":94,"minecraft:crossbow":16,"minecraft:enchanted_golden_apple":1,"minecraft:splash_potion":6},"minecraft:dropped":{"maniac_weapons:bat":1,"minecraft:leather_leggings":1,"securitycraft:camera_monitor":1,"cgm:heavy_rifle":7,"minecraft:music_disc_stal":2,"minecraft:leather_helmet":1},"minecraft:picked_up":{"minecraft:golden_helmet":1,"maniac_weapons:bat":1,"minecraft:music_disc_blocks":1,"minecraft:leather_leggings":1,"minecraft:golden_leggings":1,"minecraft:music_disc_stal":3,"minecraft:golden_boots":1,"minecraft:golden_chestplate":1,"minecraft:leather_helmet":1,"minecraft:netherite_helmet":1,"minecraft:netherite_chestplate":1,"minecraft:enchanted_golden_apple":1,"minecraft:nether_star":1}},"DataVersion":3465}