{"stats":{"minecraft:killed":{"minecraft:axolotl":6,"minecraft:pig":8,"maniacweapons:totem":4,"minecraft:strider":14,"minecraft:creeper":11,"minecraft:sheep":1,"minecraft:donkey":3,"minecraft:zombie":14,"minecraft:horse":35,"minecraft:villager":1},"minecraft:crafted":{"immersive_armors:robe_helmet":2,"minecraft:leather_chestplate":2,"minecraft:leather_leggings":4,"minecraft:leather_boots":3,"immersive_armors:robe_leggings":1},"minecraft:broken":{"spartanweaponry:iron_lance":2,"minecraft:shield":2,"minecraft:leather_boots":1},"minecraft:picked_up":{"minecraft:music_disc_strad":2,"maniacweapons:bint":62,"minecraft:suspicious_stew":1,"minecraft:potion":1,"minecraft:string":17,"minecraft:netherite_ingot":1,"maniacweapons:totem_spawn_egg":70,"minecraft:written_book":50,"minecraft:ender_eye":59,"maniacweapons:cup_beer":3,"securitycraft:keycard_lv5":94,"minecraft:golden_helmet":5,"minecraft:stick":22,"minecraft:porkchop":3,"minecraft:music_disc_pigstep":2,"minecraft:goat_horn":8,"minecraft:command_block":1,"minecraft:carved_pumpkin":1,"minecraft:netherite_chestplate":1,"minecraft:blaze_powder":64,"minecraft:leather_chestplate":2,"minecraft:feather":1,"minecraft:cherry_planks":35,"magistuarmory:ceremonialarmet":1,"cgm:heavy_rifle":34,"maniacweapons:test":113,"minecraft:netherite_leggings":1,"spartanweaponry:iron_rapier":1,"minecraft:leather_boots":1,"maniacweapons:benzop":484,"minecraft:netherite_axe":2,"maniacweapons:bong":1,"cgm:rifle":1,"minecraft:pig_spawn_egg":1,"maniacweapons:kosa":131,"maniacweapons:biblia":54,"minecraft:spectral_arrow":2,"minecraft:netherite_block":7,"cgm:stun_grenade":70,"minecraft:netherite_helmet":2,"maniacweapons:knife":3,"maniacweapons:adrenalain":126,"minecraft:crossbow":5,"minecraft:golden_apple":15,"minecraft:golden_horse_armor":1,"minecraft:nether_star":227,"minecraft:oak_leaves":1,"spartanweaponry:cestus":62,"minecraft:music_disc_5":1,"minecraft:splash_potion":25,"minecraft:chicken":1,"minecraft:leather_leggings":3,"minecraft:cooked_rabbit":1,"minecraft:shield":454,"minecraft:elytra":15,"magistuarmory:ceremonial_chestplate":1,"minecraft:item_frame":2,"minecraft:blackstone":1,"immersive_armors:robe_helmet":1,"cgm:mini_gun":1,"chickenchunks:chunk_loader":1,"minecraft:music_disc_otherside":2,"magistuarmory:ceremonial_boots":1,"magistuarmory:knight_leggings":1,"minecraft:player_head":2,"magistuarmory:knight_boots":1,"minecraft:orange_dye":1,"spartanweaponry:netherite_lance":1,"minecraft:glow_item_frame":6,"minecraft:music_disc_relic":1,"minecraft:music_disc_mellohi":2,"maniacweapons:dubinka":1,"minecraft:cake":3,"minecraft:music_disc_11":1,"minecraft:iron_horse_armor":1,"minecraft:stone_pressure_plate":1,"cgm:assault_rifle":1,"minecraft:saddle":250,"maniacweapons:earthshock":1,"maniacweapons:open_gen_value_inf":1,"minecraft:netherite_boots":1,"minecraft:leather":69,"minecraft:music_disc_stal":1,"magistuarmory:armet":1,"maniacweapons:newspaper":58,"minecraft:gunpowder":15,"minecraft:wooden_hoe":37,"minecraft:paper":249,"minecraft:iron_ingot":3,"minecraft:glass_bottle":2,"minecraft:iron_sword":1,"minecraft:chain_command_block":6,"magistuarmory:knight_chestplate":1,"maniacweapons:hello_guy":1,"minecraft:sea_lantern":1,"minecraft:leather_helmet":9,"securitycraft:whitelist_module":21,"maniacweapons:aptechka":8,"minecraft:firework_rocket":1,"minecraft:sculk_sensor":1,"minecraft:painting":15},"minecraft:mined":{"minecraft:barrel":1},"minecraft:used":{"minecraft:moss_block":21,"minecraft:writable_book":11,"minecraft:blue_terracotta":82,"secretdoors:secret_spruce_plank_trapdoor":4,"secretdoors:secret_smooth_quartz_trapdoor":4,"cgm:machine_pistol":3,"minecraft:polished_deepslate":6,"spartanweaponry:iron_parrying_dagger":11,"minecraft:oak_sign":217,"minecraft:smooth_quartz_slab":384,"minecraft:white_concrete_powder":2,"minecraft:decorated_pot":1,"minecraft:polished_blackstone":3,"minecraft:spruce_slab":130,"minecraft:ladder":107,"minecraft:poppy":4,"minecraft:brown_concrete":39,"moredoors:light_gray_concrete_door":2,"minecraft:black_carpet":3,"minecraft:chest":15,"minecraft:shield":197,"minecraft:white_terracotta":7,"minecraft:stone":174,"minecraft:iron_sword":49,"minecraft:zombie_spawn_egg":178,"minecraft:white_shulker_box":1,"securitycraft:security_camera":3,"moredoors:cyan_terracotta_door":1,"minecraft:quartz_stairs":13,"secretdoors:secret_quartz_bricks_trapdoor":38,"minecraft:bell":3,"minecraft:player_head":39,"minecraft:green_terracotta":14,"minecraft:sculk_sensor":10,"moredoors:stripped_oak_log_door":1,"minecraft:white_candle":16,"minecraft:spruce_leaves":272,"minecraft:pink_candle":8,"minecraft:brick_slab":1,"minecraft:jungle_planks":3,"minecraft:carrot":5,"spartanweaponry:netherite_longbow":3,"minecraft:jungle_slab":14,"minecraft:pink_terracotta":14,"minecraft:axolotl_bucket":9,"spartanweaponry:netherite_lance":11,"minecraft:beehive":6,"minecraft:cyan_wool":1,"minecraft:snowball":8,"minecraft:milk_bucket":1,"minecraft:stripped_spruce_log":16,"magistuarmory:messer_sword":12,"minecraft:red_sandstone_stairs":10,"spartanweaponry:stone_battle_hammer":5,"minecraft:glass":369,"maniacweapons:cup_beer":2,"securitycraft:camera_monitor":1,"minecraft:honey_block":56,"minecraft:lava_bucket":60,"minecraft:bricks":13,"minecraft:mangrove_stairs":4,"minecraft:villager_spawn_egg":3,"securitycraft:reinforced_raw_gold_block":9,"minecraft:red_wool":148,"cgm:shotgun":31,"moredoors:diamond_block_door":4,"minecraft:black_stained_glass_pane":4,"minecraft:lantern":17,"minecraft:grass_block":192,"moredoors:gilded_blackstone_door":5,"minecraft:quartz_block":794,"moredoors:red_terracotta_door":1,"moredoors:glowstone_door":1,"minecraft:dark_oak_leaves":252,"minecraft:dark_oak_slab":26,"secretdoors:secret_smooth_quartz_door":1,"minecraft:tropical_fish_spawn_egg":5,"spartanweaponry:iron_pike":1,"minecraft:stone_brick_stairs":113,"minecraft:stone_bricks":578,"minecraft:item_frame":42,"minecraft:bedrock":215,"moredoors:stripped_spruce_log_door":1,"minecraft:redstone_lamp":12,"minecraft:birch_trapdoor":26,"minecraft:repeater":129,"minecraft:red_carpet":17,"minecraft:brown_carpet":5,"minecraft:bow":4,"minecraft:scaffolding":3,"minecraft:written_book":14,"minecraft:mangrove_slab":1,"minecraft:gold_block":26,"maniacweapons:hello_guy":1,"secretdoors:secret_horizontal_dark_oak_log_door":1,"minecraft:dark_prismarine_stairs":2,"minecraft:seagrass":2,"cgm:heavy_rifle":59,"securitycraft:reinforced_stone_button":1,"minecraft:stripped_spruce_wood":39,"securitycraft:reinforced_white_stained_glass_pane":7,"minecraft:diorite":135,"minecraft:dark_oak_stairs":82,"minecraft:bamboo_trapdoor":46,"minecraft:leather_leggings":6,"minecraft:end_rod":25,"moredoors:lava_still_door":2,"minecraft:torchflower":1,"maniacweapons:totem_spawn_egg":17,"minecraft:spruce_door":7,"secretdoors:secret_oak_plank_trapdoor":7,"securitycraft:door_indestructible_iron_item":2,"minecraft:gray_carpet":129,"minecraft:birch_leaves":1,"minecraft:red_stained_glass":257,"minecraft:acacia_trapdoor":7,"minecraft:prismarine":27,"minecraft:oak_planks":70,"maniacweapons:elctro_tool":9,"minecraft:blackstone":7,"minecraft:ender_pearl":12,"spartanweaponry:wooden_heavy_crossbow":7,"minecraft:leather_chestplate":3,"moredoors:bee_nest_front_door":1,"minecraft:composter":8,"minecraft:redstone_block":39,"minecraft:clay":15,"maniacweapons:knife":232,"secretdoors:secret_spruce_plank_door":5,"minecraft:oak_leaves":72,"minecraft:smooth_quartz_stairs":116,"minecraft:white_wool":50,"minecraft:golden_apple":17,"minecraft:stripped_mangrove_wood":1,"minecraft:dark_oak_trapdoor":2,"minecraft:sand":83,"minecraft:purpur_stairs":29,"minecraft:light_blue_concrete":348,"minecraft:cut_sandstone_slab":2,"moredoors:red_concrete_door":2,"minecraft:loom":2,"minecraft:gray_concrete":148,"minecraft:yellow_concrete":7,"minecraft:light_blue_wool":12,"minecraft:crossbow":52,"cgm:bazooka":8,"minecraft:light_gray_terracotta":1,"maniacweapons:blood_rage":4,"minecraft:acacia_leaves":2,"moredoors:green_concrete_door":2,"minecraft:sponge":2,"minecraft:chiseled_quartz_block":9,"minecraft:lingering_potion":147,"minecraft:black_concrete_powder":11,"securitycraft:reinforced_shroomlight":8,"minecraft:end_stone":2,"minecraft:cobbled_deepslate_stairs":9,"maniacweapons:newspaper":11,"maniacweapons:defender":5,"minecraft:lightning_rod":1,"minecraft:creeper_spawn_egg":15,"securitycraft:reinforced_glowstone":14,"minecraft:redstone_torch":21,"minecraft:black_terracotta":11,"minecraft:lever":21,"minecraft:green_concrete":25,"minecraft:black_concrete":426,"minecraft:red_sandstone":20,"maniacweapons:kosa":109,"minecraft:light_gray_concrete":340,"minecraft:string":6,"maniacweapons:microphone":316,"minecraft:barrier":760,"minecraft:stone_button":230,"minecraft:cyan_carpet":1,"minecraft:lectern":15,"maniacweapons:adrenalain":4,"secretdoors:secret_diorite_door":4,"minecraft:polished_granite":7,"minecraft:deepslate":152,"minecraft:cut_red_sandstone":1,"minecraft:iron_door":20,"maniacweapons:bita":84,"spartanweaponry:wooden_scythe":9,"cgm:assault_rifle":63,"spartanweaponry:wooden_boomerang":23,"minecraft:flowering_azalea_leaves":18,"securitycraft:reinforced_white_stained_glass":62,"spartanweaponry:golden_warhammer":1,"minecraft:wooden_sword":183,"chickenchunks:chunk_loader":33,"securitycraft:motion_activated_light":5,"maniacweapons:benzop":89,"minecraft:grindstone":5,"minecraft:dark_oak_fence":50,"minecraft:white_stained_glass":156,"minecraft:oak_fence":384,"minecraft:andesite":21,"minecraft:chain":75,"maniacweapons:theswordoffun":103,"minecraft:smooth_stone_slab":14,"minecraft:oak_boat":1,"secretdoors:secret_spruce_log_door":1,"minecraft:white_concrete":2298,"minecraft:tropical_fish_bucket":3,"cgm:mini_gun":501,"moredoors:campfire_fire_door":2,"maniacweapons:biblia":42,"minecraft:oak_trapdoor":7,"securitycraft:whitelist_module":6,"minecraft:diorite_slab":3,"minecraft:experience_bottle":3,"spartanweaponry:iron_scythe":1,"minecraft:diorite_stairs":6,"minecraft:purpur_block":103,"minecraft:trident":144,"minecraft:netherite_sword":145,"minecraft:iron_bars":138,"spartanweaponry:cestus":129,"minecraft:trader_llama_spawn_egg":1,"minecraft:stone_sword":116,"minecraft:white_tulip":3,"minecraft:orange_concrete":52,"minecraft:flint_and_steel":22,"magistuarmory:netherite_ranseur":2,"minecraft:cracked_deepslate_bricks":187,"minecraft:red_concrete":242,"minecraft:armor_stand":25,"minecraft:redstone":417,"minecraft:spruce_planks":224,"spartanweaponry:wooden_pike":18,"minecraft:ender_chest":1,"secretdoors:secret_blackstone_door":5,"moredoors:pink_terracotta_door":1,"immersive_armors:robe_helmet":6,"minecraft:netherrack":14,"securitycraft:reinforced_iron_bars":1,"minecraft:oak_door":1,"minecraft:torch":20,"minecraft:anvil":82,"minecraft:brewing_stand":3,"minecraft:dirt":31,"minecraft:spyglass":49,"minecraft:target":7,"minecraft:white_carpet":100,"minecraft:spruce_stairs":66,"minecraft:cobblestone_wall":1,"minecraft:nether_brick_slab":15,"minecraft:cod_bucket":5,"cgm:rifle":37,"minecraft:jungle_trapdoor":3,"minecraft:blue_concrete":98,"minecraft:spruce_fence":1,"minecraft:light_blue_stained_glass":175,"spartanweaponry:stone_greatsword":48,"minecraft:polished_diorite":2,"secretdoors:secret_stone_bricks_trapdoor":4,"minecraft:purple_banner":2,"securitycraft:keycard_reader":31,"minecraft:shroomlight":19,"minecraft:birch_door":1,"secretdoors:secret_dark_oak_plank_trapdoor":3,"minecraft:stone_brick_slab":4,"minecraft:brown_terracotta":2,"minecraft:sea_lantern":507,"minecraft:red_tulip":4,"minecraft:light_gray_stained_glass":17,"minecraft:bookshelf":116,"minecraft:smooth_sandstone":62,"spartanweaponry:iron_tomahawk":20,"minecraft:oak_stairs":9,"minecraft:iron_block":405,"secretdoors:secret_bookshelf_door":10,"minecraft:iron_axe":27,"minecraft:brick_stairs":7,"minecraft:slime_block":13,"moredoors:lava_flow_door":1,"minecraft:acacia_slab":1,"secretdoors:secret_stone_bricks_door":32,"spartanweaponry:wooden_katana":3,"minecraft:cherry_trapdoor":1,"spartanweaponry:iron_rapier":2,"spartanweaponry:netherite_scythe":57,"minecraft:smooth_quartz":48,"secretdoors:secret_polished_andesite_trapdoor":5,"minecraft:lime_dye":24,"moredoors:diorite_door":1,"chickenchunks:spot_loader":6,"cgm:grenade_launcher":35,"minecraft:barrel":1,"secretdoors:secret_red_sandstone_trapdoor":8,"minecraft:smooth_basalt":1,"minecraft:light_gray_wool":1,"moredoors:bookshelf_door":2,"minecraft:glowstone":29,"minecraft:lime_concrete":16,"minecraft:warped_stairs":5,"minecraft:emerald_block":45,"secretdoors:secret_prismarine_bricks_door":2,"minecraft:iron_trapdoor":18,"minecraft:goat_horn":24,"securitycraft:reinforced_glass":27,"minecraft:white_stained_glass_pane":12,"secretdoors:secret_dark_prismarine_door":1,"secretdoors:secret_smooth_sandstone_door":1,"securitycraft:reinforced_yellow_stained_glass":6,"minecraft:stone_pressure_plate":142,"minecraft:cobbled_deepslate":163,"minecraft:powder_snow_bucket":22,"minecraft:red_dye":1,"minecraft:orange_terracotta":2,"minecraft:observer":15,"minecraft:turtle_egg":2,"minecraft:pumpkin":30,"minecraft:pointed_dripstone":6,"minecraft:turtle_spawn_egg":30,"minecraft:quartz_bricks":43,"minecraft:water_bucket":797,"minecraft:chiseled_bookshelf":24,"moredoors:bricks_door":1,"securitycraft:projector":3,"minecraft:amethyst_block":35,"moredoors:sandstone_top_door":3,"spartanweaponry:iron_lance":8,"minecraft:birch_planks":14,"cgm:pistol":169,"minecraft:polished_andesite":96,"securitycraft:reinforced_cyan_stained_glass_pane":4,"minecraft:blue_wool":1,"cgm:stun_grenade":397,"securitycraft:panic_button":4,"minecraft:cherry_planks":110,"minecraft:red_mushroom_block":15,"minecraft:cut_sandstone":14,"minecraft:sniffer_egg":1,"minecraft:cauldron":7,"minecraft:beacon":9,"minecraft:horse_spawn_egg":1,"minecraft:glow_ink_sac":1,"minecraft:leather_boots":5,"moredoors:white_stained_glass_door":2,"secretdoors:secret_oak_plank_door":4,"minecraft:cracked_stone_bricks":121,"minecraft:glow_item_frame":31,"minecraft:diamond_block":289,"minecraft:mossy_cobblestone":28,"minecraft:comparator":5,"minecraft:terracotta":3,"minecraft:tnt":2,"minecraft:crafting_table":7,"minecraft:birch_sign":2,"spartanweaponry:iron_katana":3,"minecraft:yellow_stained_glass_pane":1,"moredoors:shroomlight_door":2,"minecraft:sculk_shrieker":18,"minecraft:campfire":1,"minecraft:light_gray_concrete_powder":2,"minecraft:polar_bear_spawn_egg":1,"spartanweaponry:netherite_heavy_crossbow":2,"minecraft:painting":150,"minecraft:magenta_carpet":3,"spartanweaponry:netherite_boomerang":6,"minecraft:spruce_log":174,"minecraft:cake":35,"minecraft:mushroom_stem":4,"minecraft:oak_log":7,"minecraft:cornflower":5,"maniacweapons:scythe":3,"minecraft:flower_pot":2,"minecraft:piston":1,"minecraft:netherite_block":103,"minecraft:light":18,"secretdoors:secret_bricks_door":1,"maniacweapons:holy_hive":3,"maniacweapons:dubinka":53,"minecraft:command_block":286,"minecraft:netherite_axe":54,"secretdoors:secret_quartz_block_trapdoor":29,"minecraft:suspicious_stew":1,"minecraft:pig_spawn_egg":7,"cgm:grenade":46,"minecraft:leather_helmet":2,"minecraft:cyan_concrete":55,"minecraft:stone_slab":7,"minecraft:purpur_slab":32,"secretdoors:secret_purpur_trapdoor":4,"minecraft:spruce_trapdoor":130,"moredoors:terracotta_door":1,"minecraft:magenta_banner":1,"minecraft:fishing_rod":242,"minecraft:cobblestone":45,"maniacweapons:invisibility":1,"minecraft:potion":12,"secretdoors:secret_netherrack_trapdoor":4,"minecraft:cobbled_deepslate_slab":23,"minecraft:bucket":18,"minecraft:chain_command_block":607,"minecraft:sea_pickle":4,"minecraft:repeating_command_block":72,"minecraft:polished_blackstone_button":6,"minecraft:stripped_oak_log":91,"minecraft:kelp":9,"minecraft:purple_carpet":1,"minecraft:dandelion":5,"minecraft:brown_mushroom_block":60,"minecraft:jukebox":1,"minecraft:smooth_stone":2505,"minecraft:splash_potion":138,"moredoors:green_terracotta_door":1},"minecraft:killed_by":{"minecraft:zombie":3,"minecraft:player":163},"minecraft:custom":{"minecraft:interact_with_crafting_table":10,"minecraft:open_barrel":32,"minecraft:open_shulker_box":7,"minecraft:bell_ring":17,"minecraft:eat_cake_slice":52,"minecraft:leave_game":178,"minecraft:time_since_death":33541,"minecraft:damage_resisted":18851,"minecraft:sprint_one_cm":13774176,"minecraft:damage_blocked_by_shield":2559,"minecraft:drop":3004,"minecraft:play_time":7413197,"minecraft:deaths":304,"minecraft:jump":88845,"minecraft:interact_with_brewingstand":23,"minecraft:walk_on_water_one_cm":253199,"minecraft:interact_with_furnace":19,"minecraft:play_record":1,"minecraft:interact_with_loom":4,"minecraft:open_enderchest":2,"minecraft:damage_dealt":85354,"minecraft:interact_with_beacon":23,"minecraft:player_kills":253,"minecraft:crouch_one_cm":190049,"minecraft:inspect_dispenser":19,"minecraft:horse_one_cm":291237,"minecraft:inspect_dropper":2,"minecraft:mob_kills":100,"minecraft:interact_with_anvil":57,"minecraft:inspect_hopper":1,"minecraft:climb_one_cm":53450,"minecraft:walk_one_cm":5593769,"minecraft:target_hit":4,"minecraft:sneak_time":132621,"minecraft:walk_under_water_one_cm":411530,"minecraft:interact_with_lectern":72,"minecraft:interact_with_blast_furnace":2,"minecraft:total_world_time":8072573,"minecraft:pot_flower":1,"minecraft:interact_with_grindstone":1,"minecraft:time_since_rest":33541,"minecraft:damage_taken":162106,"minecraft:damage_absorbed":369,"minecraft:trigger_trapped_chest":10,"minecraft:swim_one_cm":846081,"minecraft:fly_one_cm":64108732,"minecraft:pig_one_cm":23836,"minecraft:open_chest":75,"minecraft:aviate_one_cm":21713,"minecraft:fall_one_cm":1574323},"minecraft:dropped":{"minecraft:orange_dye":1,"magistuarmory:knight_boots":2,"minecraft:glow_ink_sac":1,"minecraft:golden_pickaxe":1,"minecraft:ender_pearl":4,"minecraft:diamond":18,"minecraft:nether_star":226,"magistuarmory:ceremonial_boots":3,"minecraft:crossbow":2,"minecraft:leather":29,"minecraft:honeycomb":1,"maniacweapons:bong":1,"minecraft:iron_horse_armor":2,"minecraft:saddle":205,"minecraft:elytra":16,"minecraft:leather_helmet":11,"minecraft:item_frame":1,"minecraft:flint":1,"maniacweapons:bint":55,"maniacweapons:knife":3,"minecraft:tnt_minecart":1,"minecraft:netherite_boots":3,"minecraft:snowball":1,"minecraft:gold_nugget":1,"minecraft:bone_meal":1,"maniacweapons:aptechka":7,"maniacweapons:adrenalain":119,"spartanweaponry:iron_tomahawk":1,"minecraft:black_concrete":1,"minecraft:fishing_rod":1,"minecraft:music_disc_stal":1,"cgm:shell":896,"minecraft:gray_dye":1,"minecraft:purpur_block":1,"cgm:pistol":1,"minecraft:blackstone":1,"minecraft:goat_horn":65,"maniacweapons:biblia":54,"minecraft:golden_chestplate":1,"cgm:shotgun":1,"minecraft:pig_spawn_egg":2,"magistuarmory:sallet":1,"minecraft:netherite_sword":2,"minecraft:wheat":2,"securitycraft:keycard_lv5":94,"minecraft:enchanted_golden_apple":66,"minecraft:blaze_powder":1,"spartanweaponry:stone_battle_hammer":1,"cgm:machine_pistol":2,"cgm:assault_rifle":3,"maniacweapons:benzop":484,"magistuarmory:lamellar_rows":1,"minecraft:leather_chestplate":3,"minecraft:sea_lantern":2,"minecraft:tipped_arrow":2,"minecraft:turtle_helmet":1,"minecraft:trident":1,"minecraft:gunpowder":4,"cgm:basic_bullet":3264,"magistuarmory:knight_chestplate":2,"minecraft:lingering_potion":1,"minecraft:leather_boots":3,"minecraft:leather_leggings":5,"minecraft:painting":3,"cgm:heavy_rifle":5,"minecraft:chain_command_block":6,"minecraft:written_book":46,"magistuarmory:kettlehat":1,"minecraft:splash_potion":24,"minecraft:firework_rocket":6,"minecraft:enchanted_book":1,"minecraft:golden_boots":1,"minecraft:iron_ingot":2,"minecraft:golden_helmet":5,"minecraft:sculk_shrieker":1,"minecraft:diamond_leggings":2,"minecraft:netherite_chestplate":3,"minecraft:netherite_axe":1,"minecraft:netherite_helmet":3,"minecraft:feather":3,"minecraft:golden_axe":1,"cgm:mini_gun":3,"minecraft:lead":1,"minecraft:spectral_arrow":6,"minecraft:amethyst_block":1,"minecraft:command_block":3,"magistuarmory:armet":2,"magistuarmory:bascinet":1,"minecraft:golden_apple":12,"minecraft:stick":22,"spartanweaponry:wooden_boomerang":1,"magistuarmory:cuirassier_helmet":1,"magistuarmory:ceremonialarmet":4,"minecraft:wooden_hoe":37,"minecraft:wooden_axe":1,"minecraft:rose_bush":1,"minecraft:white_concrete":1,"minecraft:cherry_planks":128,"minecraft:diamond_helmet":3,"minecraft:light_gray_stained_glass":1,"minecraft:potion":14,"minecraft:iron_leggings":1,"spartanweaponry:wooden_heavy_crossbow":2,"minecraft:pumpkin":1,"minecraft:heart_of_the_sea":1,"minecraft:iron_axe":2,"minecraft:paper":249,"minecraft:string":1,"minecraft:redstone":1,"cgm:rifle":2,"minecraft:red_concrete":1,"spartanweaponry:cestus":60,"minecraft:anvil":1,"cgm:advanced_bullet":192,"magistuarmory:knight_leggings":3,"minecraft:netherite_ingot":1,"minecraft:stone_sword":1,"minecraft:blaze_rod":1,"spartanweaponry:wooden_arrow":192,"maniacweapons:microphone":1,"magistuarmory:face_helmet":1,"minecraft:deepslate":1,"maniacweapons:earthshock":1,"minecraft:chicken":1,"minecraft:sculk_sensor":2,"spartanweaponry:bolt":128,"minecraft:ender_eye":59,"minecraft:totem_of_undying":2,"minecraft:oak_sign":1,"maniacweapons:newspaper":57,"minecraft:suspicious_stew":1,"minecraft:netherite_leggings":3,"maniacweapons:test":54,"minecraft:diamond_sword":7,"immersive_armors:heavy_helmet":1,"minecraft:shield":452,"maniacweapons:cup_beer":3,"maniacweapons:invisibility":1,"minecraft:diamond_chestplate":2,"minecraft:netherite_block":7,"minecraft:cake":3,"magistuarmory:ceremonial_chestplate":4,"minecraft:golden_leggings":1,"minecraft:golden_sword":1,"minecraft:stone_pressure_plate":1,"minecraft:diamond_boots":2,"maniacweapons:totem_spawn_egg":3,"maniacweapons:kosa":131,"minecraft:raw_gold":2,"cgm:stun_grenade":68,"securitycraft:keycard_reader":128}},"DataVersion":3465}