{"stats":{"minecraft:custom":{"minecraft:time_since_rest":3416,"minecraft:open_chest":1,"minecraft:crouch_one_cm":3954,"minecraft:walk_one_cm":169807,"minecraft:play_time":76042,"minecraft:sprint_one_cm":173712,"minecraft:damage_taken":3629,"minecraft:deaths":10,"minecraft:damage_absorbed":390,"minecraft:sneak_time":2953,"minecraft:walk_under_water_one_cm":384,"minecraft:drop":2,"minecraft:jump":1000,"minecraft:damage_dealt":236,"minecraft:leave_game":1,"minecraft:time_since_death":3414,"minecraft:walk_on_water_one_cm":1693,"minecraft:total_world_time":76042,"minecraft:damage_resisted":1530,"minecraft:fall_one_cm":17642,"minecraft:fly_one_cm":722529,"minecraft:player_kills":1},"minecraft:killed_by":{"minecraft:player":8},"minecraft:used":{"minecraft:wooden_sword":2,"minecraft:totem_of_undying":6},"minecraft:dropped":{"minecraft:nether_star":2},"minecraft:picked_up":{"minecraft:totem_of_undying":1}},"DataVersion":3465}