{"stats":{"minecraft:custom":{"minecraft:mob_kills":18,"minecraft:interact_with_anvil":33,"minecraft:inspect_hopper":97,"minecraft:interact_with_crafting_table":2,"minecraft:open_barrel":15,"minecraft:bell_ring":1,"minecraft:leave_game":59,"minecraft:time_since_death":128776,"minecraft:climb_one_cm":2851,"minecraft:damage_resisted":7330,"minecraft:sprint_one_cm":4290973,"minecraft:walk_one_cm":3130352,"minecraft:drop":324,"minecraft:play_time":3045798,"minecraft:deaths":122,"minecraft:sneak_time":66629,"minecraft:walk_under_water_one_cm":129925,"minecraft:interact_with_lectern":45,"minecraft:jump":20272,"minecraft:interact_with_blast_furnace":1,"minecraft:walk_on_water_one_cm":56172,"minecraft:total_world_time":3073308,"minecraft:interact_with_furnace":3,"minecraft:play_record":28,"minecraft:interact_with_loom":6,"minecraft:time_since_rest":128776,"minecraft:open_enderchest":3,"minecraft:damage_taken":23575,"minecraft:damage_absorbed":464,"minecraft:trigger_trapped_chest":3,"minecraft:damage_dealt":19080,"minecraft:interact_with_beacon":10,"minecraft:swim_one_cm":38144,"minecraft:fly_one_cm":19648564,"minecraft:player_kills":39,"minecraft:open_chest":385,"minecraft:crouch_one_cm":85770,"minecraft:aviate_one_cm":57299,"minecraft:fall_one_cm":420050,"minecraft:inspect_dispenser":6},"minecraft:crafted":{"minecraft:leather_leggings":1,"minecraft:leather_boots":1,"minecraft:leather_chestplate":1},"minecraft:dropped":{"minecraft:iron_sword":3,"minecraft:diamond_leggings":3,"minecraft:music_disc_relic":2,"minecraft:iron_helmet":4,"minecraft:glow_item_frame":1,"minecraft:command_block":11,"minecraft:music_disc_pigstep":3,"minecraft:grass_block":4,"minecraft:music_disc_13":3,"minecraft:music_disc_11":1,"minecraft:stick":2,"minecraft:dirt":3,"minecraft:stone_button":2,"minecraft:torch":1,"minecraft:repeater":2,"minecraft:wooden_axe":2,"minecraft:white_concrete":4,"minecraft:iron_door":1,"minecraft:diamond_helmet":3,"minecraft:smooth_quartz_slab":4,"minecraft:music_disc_strad":1,"minecraft:writable_book":3,"minecraft:music_disc_ward":3,"minecraft:music_disc_wait":1,"minecraft:black_concrete":1,"minecraft:acacia_door":2,"minecraft:paper":38,"minecraft:music_disc_stal":2,"minecraft:music_disc_cat":4,"minecraft:redstone_block":35,"securitycraft:whitelist_module":2,"minecraft:redstone":1,"minecraft:music_disc_blocks":4,"minecraft:red_concrete":1,"minecraft:lever":1,"minecraft:music_disc_chirp":4,"minecraft:music_disc_otherside":1,"minecraft:music_disc_5":2,"minecraft:rotten_flesh":1,"securitycraft:keycard_lv5":12,"minecraft:music_disc_far":5,"minecraft:light_gray_concrete":1,"minecraft:debug_stick":1,"minecraft:totem_of_undying":3,"minecraft:oak_sign":9,"minecraft:chainmail_chestplate":1,"minecraft:diamond_sword":1,"minecraft:leather_chestplate":14,"minecraft:gunpowder":1095,"minecraft:trident":10,"minecraft:oak_button":1,"minecraft:diamond_chestplate":3,"minecraft:skeleton_skull":63,"minecraft:quartz_block":1,"minecraft:music_disc_mall":4,"minecraft:leather_boots":5,"minecraft:chest":2,"minecraft:chainmail_boots":2,"minecraft:leather_leggings":8,"minecraft:diamond_boots":3,"minecraft:music_disc_mellohi":4,"minecraft:chain_command_block":6,"minecraft:written_book":37,"minecraft:splash_potion":2},"minecraft:used":{"minecraft:oak_fence":15,"minecraft:oak_trapdoor":1,"minecraft:netherite_sword":17,"minecraft:music_disc_far":2,"minecraft:blue_terracotta":2,"minecraft:trident":54,"minecraft:jungle_leaves":14,"minecraft:writable_book":82,"minecraft:stone_sword":8,"minecraft:music_disc_otherside":1,"minecraft:armor_stand":12,"minecraft:cracked_deepslate_bricks":10,"minecraft:dispenser":2,"minecraft:smooth_quartz_slab":70,"minecraft:red_concrete":23,"minecraft:spruce_slab":1,"minecraft:stone_shovel":4,"minecraft:redstone":106,"minecraft:oak_sign":36,"minecraft:polished_basalt":1,"minecraft:spruce_planks":4,"minecraft:chest":15,"minecraft:music_disc_5":1,"minecraft:stone":268,"minecraft:iron_sword":36,"minecraft:bell":1,"minecraft:smooth_sandstone_stairs":3,"minecraft:player_head":30,"minecraft:green_terracotta":3,"minecraft:sculk_sensor":20,"minecraft:debug_stick":9,"minecraft:orange_stained_glass":5,"minecraft:torch":3,"minecraft:dirt":49,"minecraft:anvil":26,"minecraft:hopper":8,"minecraft:jungle_planks":1,"minecraft:deepslate_tile_slab":47,"minecraft:diamond_helmet":1,"minecraft:deepslate_brick_slab":22,"minecraft:music_disc_13":5,"minecraft:music_disc_11":1,"minecraft:blue_concrete":2,"minecraft:light_blue_stained_glass":1,"securitycraft:reinforced_gray_stained_glass_pane":168,"minecraft:music_disc_relic":1,"minecraft:shroomlight":3,"securitycraft:keycard_reader":2,"minecraft:music_disc_mellohi":2,"minecraft:glass":1,"minecraft:honey_block":6,"minecraft:sea_lantern":4,"minecraft:flowering_azalea":2,"minecraft:cyan_terracotta":2,"minecraft:netherite_shovel":1,"minecraft:bookshelf":14,"minecraft:music_disc_pigstep":1,"minecraft:light_weighted_pressure_plate":1,"minecraft:iron_axe":7,"minecraft:grass_block":75,"minecraft:filled_map":6,"minecraft:iron_block":109,"minecraft:lantern":9,"minecraft:oak_stairs":8,"minecraft:slime_block":6,"minecraft:music_disc_ward":2,"minecraft:smooth_sandstone":1,"minecraft:quartz_block":107,"minecraft:netherite_hoe":1,"minecraft:music_disc_chirp":2,"minecraft:totem_of_undying":9,"minecraft:music_disc_wait":1,"minecraft:barrel":13,"minecraft:repeater":28,"minecraft:music_disc_stal":1,"minecraft:item_frame":4,"minecraft:diamond_chestplate":1,"minecraft:magma_block":22,"minecraft:sniffer_spawn_egg":3,"minecraft:bow":27,"minecraft:emerald_block":4,"minecraft:written_book":22,"minecraft:goat_horn":3,"minecraft:furnace":1,"minecraft:drowned_spawn_egg":1,"minecraft:skeleton_skull":4,"minecraft:stone_pressure_plate":28,"minecraft:zombified_piglin_spawn_egg":8,"minecraft:observer":2,"securitycraft:reinforced_white_stained_glass_pane":62,"minecraft:water_bucket":1,"minecraft:chiseled_bookshelf":6,"minecraft:diorite":12,"minecraft:diamond_boots":1,"minecraft:birch_planks":2,"minecraft:red_stained_glass":2,"minecraft:gray_carpet":7,"minecraft:acacia_trapdoor":3,"minecraft:polished_andesite":3,"minecraft:oak_planks":69,"minecraft:blue_wool":1,"minecraft:andesite_slab":4,"minecraft:leather_chestplate":1,"minecraft:sandstone":6,"minecraft:cut_sandstone":3,"minecraft:redstone_block":11,"minecraft:composter":5,"minecraft:cauldron":7,"minecraft:clay":4,"minecraft:beacon":5,"minecraft:llama_spawn_egg":8,"minecraft:leather_boots":1,"minecraft:smooth_quartz_stairs":4,"minecraft:glow_item_frame":21,"minecraft:polished_blackstone_pressure_plate":2,"minecraft:diamond_block":2,"minecraft:music_disc_cat":2,"minecraft:comparator":8,"minecraft:vine":6,"minecraft:crafting_table":5,"minecraft:light_blue_concrete":59,"minecraft:oak_slab":12,"securitycraft:reinforced_blue_stained_glass":356,"minecraft:loom":12,"minecraft:shulker_spawn_egg":2,"minecraft:blast_furnace":1,"minecraft:dark_oak_fence_gate":2,"minecraft:light_gray_terracotta":2,"minecraft:crossbow":34,"minecraft:sculk_shrieker":23,"minecraft:campfire":10,"minecraft:light_gray_concrete_powder":6,"minecraft:gray_concrete":249,"minecraft:ochre_froglight":1,"minecraft:lingering_potion":3,"minecraft:painting":10,"minecraft:music_disc_strad":1,"minecraft:dark_oak_door":1,"minecraft:piston":4,"minecraft:sticky_piston":5,"minecraft:deepslate_tiles":1,"minecraft:redstone_torch":64,"minecraft:oak_log":3,"minecraft:flower_pot":8,"minecraft:netherite_block":25,"minecraft:green_concrete":1,"minecraft:lever":1,"minecraft:black_concrete":10,"minecraft:command_block":142,"minecraft:heavy_weighted_pressure_plate":1,"minecraft:gray_stained_glass_pane":4,"minecraft:light_gray_concrete":109,"minecraft:music_disc_mall":3,"minecraft:stone_button":77,"minecraft:string":2,"minecraft:barrier":78,"minecraft:oak_button":4,"minecraft:map":4,"minecraft:netherite_axe":40,"minecraft:spruce_pressure_plate":2,"minecraft:lectern":16,"minecraft:stone_slab":9,"minecraft:spruce_trapdoor":15,"minecraft:iron_door":3,"minecraft:music_disc_blocks":2,"minecraft:oak_pressure_plate":26,"minecraft:diamond_sword":159,"securitycraft:reinforced_white_stained_glass":218,"minecraft:fishing_rod":14,"minecraft:wooden_sword":118,"minecraft:potion":2,"minecraft:andesite":46,"minecraft:jungle_door":10,"minecraft:white_stained_glass":16,"minecraft:chain_command_block":78,"minecraft:chain":4,"minecraft:glass_pane":2,"minecraft:repeating_command_block":46,"minecraft:stripped_oak_log":103,"minecraft:white_concrete":113,"securitycraft:whitelist_module":1,"minecraft:diamond_leggings":1,"minecraft:jukebox":2,"minecraft:splash_potion":497,"minecraft:cobweb":101},"minecraft:picked_up":{"minecraft:wooden_axe":1,"minecraft:music_disc_5":1,"minecraft:music_disc_strad":1,"minecraft:redstone_block":2,"minecraft:splash_potion":2,"minecraft:diamond_sword":1,"minecraft:oak_stairs":1,"minecraft:music_disc_cat":4,"minecraft:string":12,"minecraft:item_frame":1,"minecraft:shroomlight":1,"minecraft:sculk_shrieker":1,"minecraft:oak_sign":4,"minecraft:diamond_leggings":4,"minecraft:gold_nugget":3,"minecraft:music_disc_otherside":1,"minecraft:tinted_glass":3,"minecraft:chest":1,"securitycraft:keycard_lv5":75,"minecraft:spruce_pressure_plate":1,"minecraft:stick":1,"minecraft:music_disc_blocks":4,"minecraft:music_disc_relic":1,"minecraft:music_disc_mellohi":4,"minecraft:porkchop":1,"securitycraft:keycard_reader":1,"minecraft:stone_button":1,"minecraft:music_disc_11":1,"minecraft:music_disc_pigstep":2,"minecraft:trident":1,"minecraft:redstone":1,"minecraft:drowned_spawn_egg":1,"minecraft:prismarine_crystals":3,"minecraft:goat_horn":7,"minecraft:diamond_chestplate":4,"minecraft:repeating_command_block":1,"minecraft:command_block":3,"minecraft:rotten_flesh":4,"minecraft:tropical_fish":1,"minecraft:music_disc_ward":3,"minecraft:diamond_boots":4,"minecraft:bookshelf":1,"minecraft:totem_of_undying":3,"minecraft:music_disc_wait":1,"minecraft:wet_sponge":1,"minecraft:sponge":1,"minecraft:leather_chestplate":1,"minecraft:water_bucket":1,"minecraft:cut_sandstone":1,"minecraft:leather":5,"minecraft:music_disc_stal":2,"minecraft:paper":38,"minecraft:leather_boots":1,"minecraft:music_disc_far":5,"minecraft:diamond_helmet":4,"minecraft:flowering_azalea":1,"minecraft:music_disc_chirp":4,"minecraft:debug_stick":1,"minecraft:music_disc_13":6,"minecraft:dandelion":1,"minecraft:stripped_spruce_log":2,"minecraft:spruce_door":1,"securitycraft:whitelist_module":2,"minecraft:firework_rocket":45,"minecraft:music_disc_mall":4,"minecraft:sculk_sensor":1,"minecraft:diamond":1,"minecraft:writable_book":2,"minecraft:iron_helmet":2,"minecraft:painting":4,"minecraft:bread":50,"minecraft:oak_button":2},"minecraft:killed_by":{"minecraft:player":71},"minecraft:killed":{"minecraft:zombified_piglin":4,"minecraft:shulker":2,"minecraft:llama":4,"minecraft:drowned":1,"minecraft:sniffer":2,"minecraft:strider":4}},"DataVersion":3465}