{"stats":{"minecraft:dropped":{"maniacweapons:dubinka":4,"maniacweapons:bint":1,"minecraft:leather_chestplate":3,"maniacweapons:biblia":1,"minecraft:shield":15,"minecraft:stone_sword":5,"minecraft:leather_leggings":3,"maniacweapons:adrenalain":11,"maniacweapons:newspaper":27,"minecraft:golden_apple":5},"minecraft:picked_up":{"maniacweapons:bint":1,"minecraft:leather_chestplate":1,"minecraft:leather_leggings":2,"minecraft:leather":7,"maniacweapons:dubinka":4,"maniacweapons:newspaper":26,"minecraft:shield":15,"minecraft:iron_axe":1,"minecraft:stone_sword":5,"maniacweapons:adrenalain":15,"minecraft:cooked_chicken":1,"minecraft:golden_apple":4,"minecraft:saddle":6},"minecraft:custom":{"minecraft:time_since_rest":49,"minecraft:sprint_one_cm":1097470,"minecraft:walk_one_cm":869156,"minecraft:damage_taken":12706,"minecraft:damage_absorbed":40,"minecraft:damage_blocked_by_shield":849,"minecraft:trigger_trapped_chest":2,"minecraft:drop":75,"minecraft:damage_dealt":5927,"minecraft:swim_one_cm":128633,"minecraft:fly_one_cm":2092240,"minecraft:player_kills":23,"minecraft:open_barrel":1,"minecraft:open_chest":6,"minecraft:crouch_one_cm":13658,"minecraft:play_time":327722,"minecraft:deaths":43,"minecraft:sneak_time":10837,"minecraft:walk_under_water_one_cm":48548,"minecraft:interact_with_lectern":27,"minecraft:jump":4651,"minecraft:leave_game":4,"minecraft:walk_on_water_one_cm":35925,"minecraft:time_since_death":45,"minecraft:sleep_in_bed":2,"minecraft:damage_resisted":4938,"minecraft:climb_one_cm":4147,"minecraft:total_world_time":327722,"minecraft:fall_one_cm":83126,"minecraft:horse_one_cm":29192},"minecraft:killed_by":{"minecraft:player":37},"minecraft:broken":{"minecraft:shield":2},"minecraft:used":{"maniacweapons:dubinka":47,"maniacweapons:cup_beer":1,"spartanweaponry:cestus":95,"minecraft:leather_leggings":1,"minecraft:stone_sword":15,"spartanweaponry:iron_parrying_dagger":6,"spartanweaponry:iron_lance":2,"maniacweapons:kosa":29,"maniacweapons:microphone":34,"minecraft:netherite_axe":5,"cgm:stun_grenade":9,"minecraft:shield":75,"maniacweapons:bita":97,"maniacweapons:knife":25,"minecraft:golden_apple":1,"minecraft:fishing_rod":44,"spartanweaponry:stone_greatsword":33,"maniacweapons:newspaper":154,"minecraft:splash_potion":4,"maniacweapons:biblia":2}},"DataVersion":3465}