{"stats":{"minecraft:dropped":{"maniacweapons:knife":1},"minecraft:picked_up":{"maniacweapons:knife":1},"minecraft:custom":{"minecraft:time_since_rest":8294,"minecraft:crouch_one_cm":5119,"minecraft:play_time":101565,"minecraft:sprint_one_cm":478604,"minecraft:walk_one_cm":215393,"minecraft:damage_taken":5231,"minecraft:deaths":12,"minecraft:sneak_time":1191,"minecraft:walk_under_water_one_cm":2918,"minecraft:drop":1,"minecraft:interact_with_lectern":8,"minecraft:jump":2226,"minecraft:damage_dealt":2213,"minecraft:leave_game":1,"minecraft:time_since_death":8293,"minecraft:walk_on_water_one_cm":1682,"minecraft:total_world_time":101565,"minecraft:climb_one_cm":372,"minecraft:damage_resisted":2608,"minecraft:swim_one_cm":23996,"minecraft:fall_one_cm":55953,"minecraft:fly_one_cm":592088,"minecraft:player_kills":7},"minecraft:killed_by":{"minecraft:player":11},"minecraft:used":{"maniacweapons:cup_beer":4,"spartanweaponry:cestus":9,"minecraft:wooden_sword":39,"maniacweapons:newspaper":80,"minecraft:splash_potion":2,"maniacweapons:knife":38}},"DataVersion":3465}