{"stats":{"minecraft:killed_by":{"minecraft:player":96},"minecraft:used":{"minecraft:oak_fence":6,"minecraft:trident":56,"minecraft:chiseled_bookshelf":1,"minecraft:netherite_sword":2,"minecraft:stone_sword":43,"minecraft:leather_leggings":7,"spartanweaponry:cestus":140,"minecraft:warped_fungus_on_a_stick":2,"spartanweaponry:iron_lance":1,"cgm:pistol":93,"minecraft:acacia_trapdoor":13,"maniacweapons:elctro_tool":1,"cgm:stun_grenade":3,"minecraft:shield":3,"minecraft:leather_chestplate":3,"spartanweaponry:wooden_pike":3,"minecraft:iron_sword":79,"minecraft:leather_boots":7,"maniacweapons:knife":29,"minecraft:golden_apple":1,"minecraft:mooshroom_spawn_egg":1,"minecraft:strider_spawn_egg":19,"minecraft:crossbow":5,"minecraft:painting":18,"minecraft:jungle_trapdoor":2,"minecraft:allay_spawn_egg":1,"spartanweaponry:stone_greatsword":4,"maniacweapons:cup_beer":1,"minecraft:birch_fence_gate":5,"minecraft:villager_spawn_egg":1,"maniacweapons:kosa":18,"minecraft:iron_axe":4,"minecraft:pig_spawn_egg":1,"minecraft:netherite_axe":36,"spartanweaponry:wooden_katana":9,"maniacweapons:adrenalain":2,"minecraft:spruce_trapdoor":15,"spartanweaponry:wooden_boomerang":11,"minecraft:totem_of_undying":4,"minecraft:item_frame":1,"minecraft:fishing_rod":94,"minecraft:diamond_sword":35,"minecraft:wooden_sword":97,"maniacweapons:benzop":45,"minecraft:goat_horn":10,"minecraft:stripped_oak_wood":3,"cgm:mini_gun":14,"minecraft:powder_snow_bucket":1,"minecraft:splash_potion":7},"minecraft:broken":{"spartanweaponry:wooden_boomerang":1},"minecraft:dropped":{"spartanweaponry:cestus":9,"minecraft:porkchop":54,"minecraft:goat_horn":2,"minecraft:crossbow":11,"minecraft:saddle":1,"minecraft:stick":8,"minecraft:shield":1,"maniacweapons:knife":1,"minecraft:potion":1,"securitycraft:camera_monitor":1,"minecraft:arrow":1},"minecraft:custom":{"minecraft:interact_with_furnace":7,"minecraft:mob_kills":25,"minecraft:interact_with_anvil":2,"minecraft:interact_with_crafting_table":1,"minecraft:open_barrel":15,"minecraft:interact_with_loom":1,"minecraft:damage_dealt_resisted":40,"minecraft:leave_game":12,"minecraft:time_since_death":358,"minecraft:climb_one_cm":23795,"minecraft:damage_resisted":26708,"minecraft:time_since_rest":359,"minecraft:sprint_one_cm":2576275,"minecraft:walk_one_cm":3173409,"minecraft:damage_taken":30770,"minecraft:damage_absorbed":279,"minecraft:damage_blocked_by_shield":206,"minecraft:drop":93,"minecraft:damage_dealt":22704,"minecraft:swim_one_cm":34304,"minecraft:fly_one_cm":6982247,"minecraft:player_kills":70,"minecraft:open_chest":11,"minecraft:pig_one_cm":96284,"minecraft:strider_one_cm":299712,"minecraft:crouch_one_cm":107675,"minecraft:play_time":962622,"minecraft:deaths":144,"minecraft:sneak_time":56359,"minecraft:walk_under_water_one_cm":59248,"minecraft:interact_with_lectern":25,"minecraft:jump":18796,"minecraft:walk_on_water_one_cm":41447,"minecraft:total_world_time":962622,"minecraft:fall_one_cm":707381,"minecraft:horse_one_cm":11382},"minecraft:killed":{"minecraft:wolf":2,"minecraft:pig":7,"minecraft:allay":1,"minecraft:strider":2,"minecraft:polar_bear":1,"minecraft:horse":1,"minecraft:mooshroom":1,"minecraft:villager":1,"minecraft:tropical_fish":4},"minecraft:picked_up":{"spartanweaponry:cestus":7,"minecraft:salmon":2,"cgm:heavy_rifle":7,"minecraft:string":17,"minecraft:beef":1,"minecraft:stick":8,"securitycraft:camera_monitor":2,"minecraft:porkchop":65,"minecraft:trident":1,"minecraft:spectral_arrow":4,"minecraft:goat_horn":4,"minecraft:arrow":1,"minecraft:tropical_fish":4,"minecraft:diamond":8,"maniacweapons:knife":1,"minecraft:crossbow":12,"minecraft:painting":1,"minecraft:bone_meal":1,"minecraft:saddle":8,"minecraft:nether_star":1}},"DataVersion":3465}