{"stats":{"minecraft:custom":{"minecraft:time_since_rest":151,"minecraft:open_chest":1,"minecraft:crouch_one_cm":3738,"minecraft:sprint_one_cm":582170,"minecraft:play_time":145439,"minecraft:deaths":21,"minecraft:damage_taken":5498,"minecraft:walk_one_cm":468048,"minecraft:sneak_time":8040,"minecraft:trigger_trapped_chest":1,"minecraft:walk_under_water_one_cm":32330,"minecraft:interact_with_lectern":24,"minecraft:jump":1124,"minecraft:damage_dealt":2844,"minecraft:leave_game":3,"minecraft:walk_on_water_one_cm":28602,"minecraft:time_since_death":148,"minecraft:climb_one_cm":1817,"minecraft:total_world_time":145439,"minecraft:damage_resisted":1083,"minecraft:swim_one_cm":15914,"minecraft:fall_one_cm":31343,"minecraft:fly_one_cm":1550766,"minecraft:player_kills":9},"minecraft:killed_by":{"minecraft:player":18},"minecraft:used":{"maniacweapons:cup_beer":2,"maniacweapons:dubinka":3,"cgm:pistol":13,"minecraft:iron_axe":3,"minecraft:netherite_axe":12,"cgm:stun_grenade":1,"minecraft:iron_sword":13,"maniacweapons:newspaper":59,"maniacweapons:knife":54}},"DataVersion":3465}