{"stats":{"minecraft:used":{"maniac_weapons:bat":15,"minecraft:firework_rocket":34,"minecraft:elytra":3,"maniac_weapons:benzopila":25,"minecraft:enchanted_golden_apple":1},"minecraft:dropped":{"maniac_weapons:benzopila":3,"maniac_weapons:bat":1,"minecraft:elytra":1,"minecraft:firework_rocket":1},"minecraft:custom":{"minecraft:time_since_rest":5961,"minecraft:open_chest":8,"minecraft:damage_taken":1196,"minecraft:crouch_one_cm":370,"minecraft:sprint_one_cm":26983,"minecraft:play_time":19920,"minecraft:deaths":7,"minecraft:walk_one_cm":35329,"minecraft:sneak_time":145,"minecraft:drop":6,"minecraft:aviate_one_cm":516870,"minecraft:jump":185,"minecraft:damage_dealt":623,"minecraft:leave_game":4,"minecraft:time_since_death":5921,"minecraft:total_world_time":19920,"minecraft:fall_one_cm":7667,"minecraft:fly_one_cm":50372,"minecraft:player_kills":7},"minecraft:picked_up":{"maniac_weapons:bat":4,"minecraft:piglin_head":2,"minecraft:firework_rocket":842,"maniac_weapons:benzopila":12,"minecraft:elytra":7},"minecraft:killed_by":{"minecraft:player":4}},"DataVersion":3465}