{"stats":{"minecraft:dropped":{"minecraft:water_bucket":1,"minecraft:clay":1,"minecraft:iron_sword":26,"minecraft:porkchop":2057,"minecraft:soul_sand":1,"maniacweapons:elctro_tool":14,"minecraft:ender_pearl":1,"minecraft:glass_bottle":2,"secretdoors:secret_spruce_log_trapdoor":1,"minecraft:crossbow":5,"cgm:missile":64,"maniacweapons:powder":755,"minecraft:observer":1,"minecraft:leather":82,"minecraft:command_block":1,"minecraft:saddle":47,"minecraft:grass_block":2,"minecraft:leather_helmet":290,"minecraft:golden_apple":437,"maniacweapons:bint":21,"immersive_armors:robe_helmet":1,"maniacweapons:horse":2,"minecraft:repeater":1,"minecraft:iron_axe":1,"minecraft:white_stained_glass_pane":1,"maniacweapons:aptechka":3,"maniacweapons:adrenalain":850,"maniacweapons:icon_for_swaper":370,"maniacweapons:necro_posoh":1,"securitycraft:whitelist_module":2,"minecraft:kelp":1,"minecraft:blackstone":1,"minecraft:goat_horn":1,"maniacweapons:biblia":1,"minecraft:player_head":1,"secretdoors:secret_cherry_log_trapdoor":1,"spartanweaponry:wooden_arrow":384,"securitycraft:keycard_lv5":21,"minecraft:blue_concrete":1,"spartanweaponry:bolt":1,"minecraft:green_concrete":1,"securitycraft:motion_activated_light":1,"maniacweapons:newspaper":5,"maniacweapons:test":604,"maniacweapons:dubinka":1,"minecraft:leather_chestplate":140,"minecraft:shield":3,"minecraft:trident":1,"minecraft:black_concrete_powder":1,"minecraft:andesite":1,"minecraft:leather_boots":294,"cgm:bazooka":1,"minecraft:leather_leggings":105,"minecraft:painting":2,"spartanweaponry:iron_lance":1,"minecraft:arrow":704,"cgm:heavy_rifle":1,"cgm:stun_grenade":2,"minecraft:stone_brick_stairs":1,"minecraft:oak_leaves":1,"minecraft:polished_granite":1},"minecraft:picked_up":{"minecraft:wooden_axe":1,"minecraft:lingering_potion":1,"cgm:basic_bullet":64,"maniacweapons:bint":7,"minecraft:turtle_helmet":1,"minecraft:golden_pickaxe":1,"minecraft:leather_leggings":105,"minecraft:potion":12,"minecraft:enchanted_book":1,"spartanweaponry:iron_lance":2,"minecraft:purpur_block":1,"minecraft:golden_sword":1,"minecraft:amethyst_block":1,"minecraft:elytra":1,"minecraft:iron_axe":2,"magistuarmory:ceremonial_chestplate":3,"minecraft:iron_leggings":1,"spartanweaponry:bolt":128,"magistuarmory:sallet":1,"magistuarmory:ceremonial_boots":2,"minecraft:written_book":5,"magistuarmory:knight_leggings":1,"minecraft:enchanted_golden_apple":64,"cgm:bazooka":1,"secretdoors:secret_spruce_log_trapdoor":1,"securitycraft:keycard_lv5":22,"minecraft:tipped_arrow":2,"spartanweaponry:wooden_heavy_crossbow":2,"minecraft:gray_dye":1,"minecraft:porkchop":2057,"minecraft:golden_axe":1,"securitycraft:keycard_reader":64,"minecraft:trident":3,"minecraft:iron_horse_armor":2,"minecraft:goat_horn":2,"minecraft:stone_sword":1,"minecraft:arrow":704,"minecraft:command_block":2,"magistuarmory:lamellar_rows":1,"maniacweapons:icon_for_swaper":370,"minecraft:saddle":54,"spartanweaponry:wooden_arrow":384,"minecraft:netherite_chestplate":1,"minecraft:blaze_powder":1,"magistuarmory:bascinet":1,"minecraft:netherite_boots":1,"minecraft:leather_chestplate":139,"immersive_armors:heavy_helmet":1,"minecraft:feather":1,"minecraft:cherry_planks":64,"minecraft:leather":87,"magistuarmory:ceremonialarmet":3,"cgm:missile":64,"maniacweapons:newspaper":3,"cgm:heavy_rifle":1,"maniacweapons:test":2,"minecraft:netherite_leggings":1,"minecraft:leather_boots":293,"magistuarmory:kettlehat":1,"maniacweapons:elctro_tool":14,"minecraft:diamond_helmet":1,"minecraft:iron_sword":26,"minecraft:honeycomb":1,"maniacweapons:powder":739,"magistuarmory:face_helmet":1,"magistuarmory:cuirassier_helmet":1,"minecraft:leather_helmet":288,"securitycraft:whitelist_module":4,"cgm:pistol":1,"maniacweapons:microphone":1,"minecraft:firework_rocket":5,"minecraft:white_concrete_powder":1,"minecraft:deepslate":1,"minecraft:netherite_helmet":1,"maniacweapons:adrenalain":829,"maniacweapons:horse":2,"minecraft:crossbow":1,"minecraft:painting":15,"minecraft:golden_apple":432},"minecraft:custom":{"minecraft:mob_kills":5,"minecraft:interact_with_anvil":4,"minecraft:inspect_hopper":1,"minecraft:interact_with_crafting_table":2,"minecraft:bell_ring":28,"minecraft:leave_game":41,"minecraft:time_since_death":151,"minecraft:climb_one_cm":20348,"minecraft:damage_resisted":21539,"minecraft:sprint_one_cm":6636684,"minecraft:walk_one_cm":2347100,"minecraft:damage_blocked_by_shield":410,"minecraft:drop":2823,"minecraft:play_time":2202523,"minecraft:deaths":140,"minecraft:sneak_time":110881,"minecraft:walk_under_water_one_cm":293208,"minecraft:interact_with_lectern":17,"minecraft:jump":36004,"minecraft:interact_with_blast_furnace":1,"minecraft:walk_on_water_one_cm":240402,"minecraft:total_world_time":2202523,"minecraft:interact_with_furnace":1,"minecraft:interact_with_loom":2,"minecraft:pot_flower":1,"minecraft:time_since_rest":151,"minecraft:damage_taken":38827,"minecraft:damage_absorbed":360,"minecraft:damage_dealt":27880,"minecraft:swim_one_cm":818474,"minecraft:fly_one_cm":17853278,"minecraft:player_kills":147,"minecraft:open_chest":10,"minecraft:crouch_one_cm":287906,"minecraft:aviate_one_cm":101654,"minecraft:fall_one_cm":772206,"minecraft:inspect_dispenser":2,"minecraft:horse_one_cm":27227},"minecraft:broken":{"spartanweaponry:iron_lance":1},"minecraft:killed_by":{"minecraft:player":94},"minecraft:killed":{"minecraft:llama":4},"minecraft:crafted":{"minecraft:crafting_table":1,"minecraft:cherry_button":1,"minecraft:stick":4},"minecraft:used":{"minecraft:iron_bars":29,"maniacweapons:theswordoffun":77,"minecraft:oak_trapdoor":6,"secretdoors:secret_spruce_plank_trapdoor":13,"minecraft:purpur_block":3,"minecraft:trident":494,"spartanweaponry:cestus":2,"minecraft:armor_stand":5,"minecraft:flint_and_steel":3,"minecraft:oak_sign":46,"minecraft:light_blue_terracotta":4,"secretdoors:secret_spruce_log_trapdoor":1,"minecraft:smooth_quartz_slab":10,"minecraft:spruce_slab":5,"minecraft:red_concrete":14,"minecraft:redstone":1,"minecraft:white_concrete_powder":22,"minecraft:elytra":1,"minecraft:black_carpet":30,"minecraft:spruce_planks":38,"minecraft:chest":7,"minecraft:shield":14,"minecraft:iron_sword":432,"minecraft:stone":6,"minecraft:quartz_stairs":1,"secretdoors:secret_quartz_bricks_trapdoor":1,"securitycraft:reinforced_iron_bars":9,"minecraft:sculk_sensor":1,"minecraft:orange_bed":2,"minecraft:torch":27,"minecraft:dirt":27,"minecraft:soul_sand":6,"minecraft:cobblestone_wall":15,"minecraft:jungle_slab":52,"minecraft:nether_brick_slab":4,"minecraft:pink_terracotta":5,"minecraft:yellow_candle":6,"spartanweaponry:stone_greatsword":33,"minecraft:blue_concrete":28,"secretdoors:secret_stone_bricks_trapdoor":12,"minecraft:polished_diorite":6,"minecraft:orange_candle":2,"securitycraft:keycard_reader":4,"minecraft:glass":7,"maniacweapons:cup_beer":4,"minecraft:sea_lantern":2,"minecraft:lava_bucket":1,"minecraft:bricks":2,"minecraft:bookshelf":4,"minecraft:quartz_pillar":7,"spartanweaponry:iron_tomahawk":8,"minecraft:iron_axe":69,"minecraft:grass_block":16,"minecraft:iron_block":11,"securitycraft:reinforced_raw_gold_block":88,"minecraft:lantern":1,"secretdoors:secret_bookshelf_door":2,"minecraft:acacia_slab":6,"secretdoors:secret_stone_bricks_door":18,"minecraft:quartz_block":16,"minecraft:cherry_trapdoor":3,"secretdoors:secret_chiseled_bookshelf_door":1,"minecraft:dark_oak_slab":1,"secretdoors:secret_dark_oak_log_door":1,"minecraft:totem_of_undying":3,"minecraft:stone_brick_stairs":7,"minecraft:stone_bricks":418,"minecraft:repeater":2,"minecraft:deepslate_diamond_ore":9,"minecraft:red_carpet":1,"minecraft:bedrock":6,"minecraft:birch_trapdoor":1,"minecraft:glowstone":11,"minecraft:lime_concrete":3,"magistuarmory:ceremonialarmet":1,"minecraft:written_book":2,"minecraft:iron_trapdoor":4,"minecraft:goat_horn":7,"minecraft:white_stained_glass_pane":2,"securitycraft:reinforced_black_stained_glass":12,"secretdoors:secret_horizontal_mangrove_log_door":1,"minecraft:gold_block":9,"securitycraft:reinforced_yellow_stained_glass":96,"minecraft:stone_pressure_plate":2,"minecraft:pearlescent_froglight":5,"minecraft:red_dye":1,"minecraft:observer":19,"minecraft:turtle_egg":1,"minecraft:enchanted_golden_apple":9,"cgm:heavy_rifle":15,"minecraft:pointed_dripstone":53,"minecraft:water_bucket":730,"minecraft:bamboo_trapdoor":27,"minecraft:dark_oak_stairs":7,"minecraft:quartz_bricks":2,"minecraft:mossy_stone_bricks":12,"minecraft:diorite":5,"minecraft:amethyst_block":30,"minecraft:dirt_path":1,"spartanweaponry:iron_lance":4,"secretdoors:secret_cherry_log_trapdoor":1,"minecraft:red_stained_glass":1,"cgm:pistol":409,"minecraft:gray_carpet":3,"minecraft:polished_andesite":275,"maniacweapons:elctro_tool":5,"cgm:stun_grenade":3,"minecraft:ender_pearl":7,"spartanweaponry:wooden_heavy_crossbow":7,"minecraft:blackstone":2,"minecraft:cut_sandstone":1,"minecraft:composter":10,"minecraft:blue_concrete_powder":21,"minecraft:cauldron":9,"minecraft:clay":2,"magistuarmory:ceremonial_boots":1,"minecraft:glow_ink_sac":1,"maniacweapons:knife":74,"secretdoors:secret_spruce_plank_door":1,"minecraft:large_amethyst_bud":1,"minecraft:cracked_stone_bricks":16,"minecraft:oak_leaves":165,"minecraft:golden_apple":5,"minecraft:glow_item_frame":1,"minecraft:terracotta":1,"minecraft:comparator":5,"magistuarmory:ceremonial_chestplate":2,"minecraft:light_blue_concrete":2,"minecraft:oak_slab":1,"minecraft:crafting_table":6,"secretdoors:secret_bamboo_block_door":3,"minecraft:birch_sign":2,"minecraft:light_gray_terracotta":2,"securitycraft:reinforced_red_stained_glass":292,"minecraft:crossbow":20,"minecraft:sculk_shrieker":8,"cgm:bazooka":7,"spartanweaponry:iron_katana":6,"minecraft:gray_concrete":32,"secretdoors:secret_birch_log_door":2,"minecraft:lingering_potion":1,"minecraft:painting":168,"minecraft:black_concrete_powder":6,"securitycraft:reinforced_shroomlight":14,"maniacweapons:newspaper":6,"minecraft:spruce_log":31,"minecraft:small_amethyst_bud":1,"securitycraft:reinforced_glowstone":18,"minecraft:amethyst_cluster":28,"minecraft:green_concrete":63,"minecraft:lever":3,"minecraft:black_concrete":18,"maniacweapons:dubinka":5,"minecraft:firework_rocket":3,"minecraft:command_block":9,"maniacweapons:kosa":55,"maniacweapons:microphone":55,"minecraft:barrier":1513,"cgm:grenade":2,"minecraft:lectern":1,"spartanweaponry:iron_heavy_crossbow":3,"minecraft:cyan_concrete":1,"minecraft:polished_granite":6,"maniacweapons:adrenalain":4,"minecraft:iron_door":4,"minecraft:budding_amethyst":29,"minecraft:cat_spawn_egg":1,"secretdoors:secret_blackstone_trapdoor":3,"securitycraft:reinforced_white_stained_glass":124,"spartanweaponry:golden_warhammer":14,"minecraft:andesite":18,"minecraft:cobblestone":17,"minecraft:wooden_sword":52,"minecraft:potion":2,"minecraft:medium_amethyst_bud":9,"securitycraft:motion_activated_light":2,"maniacweapons:benzop":84,"secretdoors:secret_horizontal_birch_log_door":6,"minecraft:red_concrete_powder":22,"minecraft:dark_oak_fence":87,"minecraft:repeating_command_block":27,"minecraft:chain_command_block":7,"minecraft:smooth_stone_slab":4,"minecraft:yellow_bed":1,"minecraft:white_concrete":13,"minecraft:kelp":31,"cgm:mini_gun":203,"secretdoors:secret_smooth_quartz_trapdoor":2,"minecraft:smooth_stone":86,"minecraft:splash_potion":108,"maniacweapons:biblia":40,"minecraft:oak_fence":3}},"DataVersion":3465}