{"stats":{"minecraft:used":{"minecraft:water_bucket":1,"minecraft:netherite_sword":77,"minecraft:blue_terracotta":19,"minecraft:diorite":13,"minecraft:leather_leggings":19,"minecraft:iron_bars":15,"minecraft:dropper":1,"minecraft:copper_block":1,"cgm:pistol":108,"minecraft:polished_andesite":1,"minecraft:jungle_fence":7,"minecraft:ladder":13,"minecraft:bone_block":13,"minecraft:light_gray_carpet":1,"cgm:stun_grenade":1,"minecraft:polished_basalt":67,"minecraft:chest":1,"minecraft:tinted_glass":29,"minecraft:stone":2,"minecraft:iron_sword":46,"minecraft:cauldron":4,"minecraft:diamond_axe":2,"minecraft:stonecutter":1,"minecraft:leather_boots":19,"minecraft:deepslate_bricks":22,"minecraft:green_terracotta":55,"minecraft:debug_stick":107,"minecraft:glow_item_frame":1,"minecraft:anvil":3,"minecraft:lime_terracotta":23,"minecraft:terracotta":156,"minecraft:hopper":4,"minecraft:deepslate_tile_slab":48,"minecraft:diamond_helmet":1,"minecraft:blast_furnace":6,"minecraft:gray_concrete":225,"minecraft:birch_sign":6,"minecraft:crossbow":22,"minecraft:light_gray_concrete_powder":1,"minecraft:jungle_trapdoor":2,"minecraft:painting":5,"minecraft:ochre_froglight":6,"minecraft:lime_shulker_box":1,"minecraft:snowball":1,"minecraft:light_blue_stained_glass":8,"minecraft:deepslate_brick_stairs":10,"minecraft:deepslate_tile_wall":4,"securitycraft:keycard_reader":4,"minecraft:andesite_wall":21,"minecraft:red_shulker_box":1,"minecraft:crimson_button":1,"minecraft:green_concrete":6,"minecraft:command_block":2,"minecraft:heavy_weighted_pressure_plate":1,"minecraft:iron_axe":7,"minecraft:stone_button":19,"minecraft:cyan_bed":2,"minecraft:string":1,"minecraft:barrier":172,"minecraft:polished_andesite_stairs":4,"minecraft:netherite_axe":16,"minecraft:polished_blackstone_brick_wall":35,"minecraft:cyan_concrete":1,"minecraft:iron_door":13,"minecraft:prismarine_wall":1,"minecraft:totem_of_undying":14,"minecraft:polished_andesite_slab":21,"minecraft:barrel":1,"minecraft:blue_banner":1,"minecraft:golden_helmet":1,"minecraft:item_frame":3,"minecraft:diamond_chestplate":1,"minecraft:andesite":1,"minecraft:andesite_stairs":8,"minecraft:wooden_sword":131,"minecraft:fishing_rod":12,"minecraft:goat_horn":10,"minecraft:snow":3,"minecraft:written_book":5,"minecraft:iron_trapdoor":39,"minecraft:furnace":2,"minecraft:grindstone":4,"minecraft:acacia_fence":2,"minecraft:chain":3,"minecraft:chain_command_block":50,"minecraft:polished_blackstone_button":17,"minecraft:smooth_stone_slab":3,"minecraft:oak_boat":1,"minecraft:white_concrete":67,"minecraft:pearlescent_froglight":4,"minecraft:diamond_leggings":1,"minecraft:warped_button":2,"minecraft:splash_potion":5,"minecraft:observer":4,"minecraft:brown_mushroom_block":57,"minecraft:enchanted_golden_apple":1,"minecraft:smooth_stone":1},"minecraft:killed":{"minecraft:pig":41},"minecraft:custom":{"minecraft:interact_with_furnace":1,"minecraft:mob_kills":41,"minecraft:interact_with_anvil":1,"minecraft:inspect_hopper":35,"minecraft:open_barrel":19,"minecraft:open_shulker_box":8,"minecraft:interact_with_grindstone":1,"minecraft:interact_with_stonecutter":1,"minecraft:leave_game":33,"minecraft:time_since_death":1335,"minecraft:climb_one_cm":14901,"minecraft:damage_resisted":8767,"minecraft:time_since_rest":1336,"minecraft:sprint_one_cm":2138609,"minecraft:walk_one_cm":1120207,"minecraft:damage_taken":14764,"minecraft:damage_absorbed":646,"minecraft:trigger_trapped_chest":5,"minecraft:drop":1209,"minecraft:damage_dealt":11598,"minecraft:swim_one_cm":83089,"minecraft:fly_one_cm":6986412,"minecraft:player_kills":45,"minecraft:open_chest":97,"minecraft:crouch_one_cm":23180,"minecraft:play_time":627171,"minecraft:deaths":61,"minecraft:sneak_time":20505,"minecraft:walk_under_water_one_cm":24286,"minecraft:boat_one_cm":3825,"minecraft:interact_with_lectern":25,"minecraft:jump":13478,"minecraft:interact_with_brewingstand":2,"minecraft:interact_with_blast_furnace":18,"minecraft:walk_on_water_one_cm":17120,"minecraft:total_world_time":627171,"minecraft:fall_one_cm":386028,"minecraft:inspect_dispenser":12},"minecraft:killed_by":{"minecraft:player":38},"minecraft:dropped":{"minecraft:porkchop":1,"minecraft:goat_horn":1,"minecraft:golden_helmet":1,"minecraft:smooth_stone_slab":6,"minecraft:pig_spawn_egg":1,"minecraft:nether_star":212,"minecraft:netherite_axe":50,"minecraft:crossbow":42,"minecraft:iron_helmet":17,"maniac_weapons:benzopila":30,"maniac_weapons:firstaidkit_2":12,"minecraft:debug_stick":1,"minecraft:light_blue_stained_glass":2,"maniac_weapons:baton":3,"minecraft:leather_leggings":5,"minecraft:arrow":32,"minecraft:tropical_fish_spawn_egg":320,"minecraft:written_book":880},"minecraft:picked_up":{"minecraft:fishing_rod":1,"minecraft:leather_chestplate":2,"minecraft:leather_leggings":7,"maniac_weapons:benzopila":31,"maniac_weapons:baton":3,"minecraft:paper":6,"minecraft:smooth_stone_slab":6,"minecraft:item_frame":4,"minecraft:leather_boots":1,"maniac_weapons:firstaidkit_2":13,"minecraft:oak_boat":1,"minecraft:written_book":494,"minecraft:netherite_axe":51,"minecraft:enchanted_golden_apple":1,"securitycraft:keycard_lv5":64,"minecraft:debug_stick":1,"minecraft:pig_spawn_egg":1,"minecraft:porkchop":82,"minecraft:light_blue_stained_glass":2,"minecraft:spectral_arrow":1,"minecraft:goat_horn":7,"minecraft:arrow":32,"minecraft:sugar":1,"minecraft:tropical_fish_spawn_egg":320,"minecraft:netherite_helmet":1,"minecraft:iron_helmet":18,"minecraft:crossbow":43,"minecraft:painting":1,"minecraft:snowball":1,"minecraft:nether_star":212}},"DataVersion":3465}