{"stats":{"minecraft:mined":{"minecraft:stripped_jungle_wood":1,"minecraft:stripped_spruce_log":3,"minecraft:wet_sponge":1,"minecraft:flowering_azalea":2,"minecraft:sponge":1,"minecraft:oak_planks":1},"minecraft:broken":{"minecraft:leather_helmet":1,"minecraft:leather_leggings":1,"minecraft:leather_chestplate":2,"minecraft:shield":1},"minecraft:killed_by":{"minecraft:player":69},"minecraft:custom":{"minecraft:mob_kills":4,"minecraft:interact_with_anvil":1,"minecraft:inspect_hopper":7,"minecraft:open_barrel":17,"minecraft:eat_cake_slice":10,"minecraft:leave_game":40,"minecraft:time_since_death":38492,"minecraft:climb_one_cm":10425,"minecraft:damage_resisted":11505,"minecraft:sprint_one_cm":4528454,"minecraft:walk_one_cm":1619464,"minecraft:damage_blocked_by_shield":110,"minecraft:drop":1148,"minecraft:play_time":1413981,"minecraft:deaths":115,"minecraft:sneak_time":70629,"minecraft:walk_under_water_one_cm":92092,"minecraft:interact_with_lectern":47,"minecraft:jump":19940,"minecraft:interact_with_blast_furnace":10,"minecraft:walk_on_water_one_cm":56747,"minecraft:total_world_time":1413981,"minecraft:interact_with_furnace":1,"minecraft:interact_with_loom":2,"minecraft:interact_with_grindstone":4,"minecraft:interact_with_stonecutter":2,"minecraft:time_since_rest":38493,"minecraft:open_enderchest":2,"minecraft:damage_taken":38195,"minecraft:damage_absorbed":4841,"minecraft:trigger_trapped_chest":2,"minecraft:minecart_one_cm":2,"minecraft:damage_dealt":14609,"minecraft:swim_one_cm":51274,"minecraft:fly_one_cm":11897561,"minecraft:player_kills":73,"minecraft:open_chest":76,"minecraft:crouch_one_cm":138978,"minecraft:aviate_one_cm":1452457,"minecraft:fall_one_cm":525661,"minecraft:inspect_dispenser":1,"minecraft:horse_one_cm":1890},"minecraft:dropped":{"minecraft:porkchop":2,"minecraft:crossbow":108,"minecraft:iron_helmet":1,"maniac_weapons:benzopila":30,"maniac_weapons:firstaidkit_2":4,"minecraft:piglin_head":1,"securitycraft:lens":1,"minecraft:spruce_stairs":1,"minecraft:elytra":1,"minecraft:grass_block":1,"minecraft:leather_helmet":1,"maniac_weapons:baton":607,"minecraft:netherite_boots":1,"minecraft:black_concrete":1,"minecraft:paper":12,"minecraft:acacia_door":7,"minecraft:smooth_sandstone":1,"minecraft:blue_carpet":2,"minecraft:stripped_jungle_wood":1,"minecraft:pig_spawn_egg":1,"minecraft:tall_grass":1,"securitycraft:keycard_lv5":4018,"minecraft:stripped_oak_log":1,"minecraft:white_terracotta":1,"minecraft:totem_of_undying":7,"minecraft:netherite_leggings":1,"minecraft:flint_and_steel":9,"minecraft:diamond_sword":3,"minecraft:leather_chestplate":1,"minecraft:trident":1,"maniac_weapons:bat":2,"minecraft:leather_boots":3,"minecraft:leather_leggings":2,"minecraft:bamboo":2,"minecraft:spruce_slab":1,"securitycraft:camera_monitor":5,"minecraft:arrow":6630,"minecraft:written_book":2162,"minecraft:white_stained_glass":1,"minecraft:splash_potion":1,"minecraft:firework_rocket":30},"minecraft:used":{"minecraft:oak_fence":19,"minecraft:oak_trapdoor":7,"minecraft:light_blue_banner":2,"minecraft:trident":168,"minecraft:netherite_sword":2,"minecraft:jungle_leaves":37,"minecraft:iron_bars":4,"minecraft:flint_and_steel":3,"minecraft:smooth_quartz_slab":4,"minecraft:spruce_slab":3,"minecraft:elytra":1,"minecraft:diamond_hoe":1,"minecraft:oak_sign":46,"minecraft:spruce_planks":18,"minecraft:green_banner":19,"minecraft:chest":1,"minecraft:shield":1,"minecraft:white_terracotta":3,"minecraft:stone":127,"minecraft:iron_sword":20,"minecraft:stripped_jungle_wood":10,"securitycraft:security_camera":7,"minecraft:smooth_sandstone_stairs":1,"minecraft:sculk_sensor":1,"minecraft:torch":9,"minecraft:dirt":13,"securitycraft:keypad_item":2,"minecraft:spruce_stairs":4,"minecraft:deepslate_tile_slab":49,"minecraft:jungle_trapdoor":7,"cgm:rifle":10,"minecraft:blue_concrete":26,"minecraft:stripped_spruce_log":1,"minecraft:shroomlight":9,"securitycraft:keycard_reader":2,"maniac_weapons:baton":11,"securitycraft:camera_monitor":11,"minecraft:lava_bucket":5,"minecraft:bookshelf":8,"minecraft:iron_axe":34,"minecraft:grass_block":304,"minecraft:oak_stairs":10,"minecraft:smooth_sandstone":7,"minecraft:green_wool":7,"minecraft:iron_helmet":1,"minecraft:totem_of_undying":82,"minecraft:barrel":4,"minecraft:birch_button":5,"minecraft:bow":11,"minecraft:brown_carpet":1,"minecraft:snow":166,"minecraft:tall_grass":2,"minecraft:emerald_block":3,"minecraft:written_book":1,"minecraft:goat_horn":35,"minecraft:drowned_spawn_egg":3,"minecraft:stone_pressure_plate":2,"maniac_weapons:benzopila":85,"minecraft:observer":8,"minecraft:orange_terracotta":2,"minecraft:wheat_seeds":2,"minecraft:water_bucket":19,"minecraft:leather_leggings":17,"minecraft:diamond_boots":1,"minecraft:spruce_door":5,"minecraft:birch_planks":4,"cgm:pistol":90,"minecraft:oak_planks":5,"minecraft:birch_wood":1,"cgm:stun_grenade":15,"minecraft:andesite_slab":2,"minecraft:leather_chestplate":3,"minecraft:cut_sandstone":3,"minecraft:redstone_block":14,"maniac_weapons:knife":34,"minecraft:leather_boots":17,"minecraft:calibrated_sculk_sensor":1,"securitycraft:reinforced_glass_pane":2,"minecraft:golden_apple":3,"maniac_weapons:bat":7,"securitycraft:keypad":1,"minecraft:polished_blackstone_pressure_plate":4,"minecraft:diamond_block":1,"minecraft:rail":2,"minecraft:terracotta":7,"minecraft:oak_slab":2,"minecraft:light_gray_terracotta":1,"minecraft:crossbow":29,"minecraft:gray_concrete":238,"minecraft:painting":101,"securitycraft:keycard_lock":5,"minecraft:dark_oak_door":1,"minecraft:redstone_torch":8,"minecraft:sticky_piston":1,"minecraft:piston":3,"minecraft:firework_rocket":72,"minecraft:light_gray_concrete":7,"minecraft:bread":14,"minecraft:stone_button":1,"minecraft:barrier":27,"minecraft:pig_spawn_egg":1,"minecraft:netherite_axe":29,"minecraft:leather_helmet":2,"minecraft:spruce_trapdoor":7,"minecraft:iron_door":8,"minecraft:flowering_azalea_leaves":10,"minecraft:blue_carpet":1,"minecraft:diamond_sword":3,"minecraft:wooden_sword":133,"minecraft:fishing_rod":6,"minecraft:andesite":1,"minecraft:andesite_stairs":1,"minecraft:white_stained_glass":3,"minecraft:chain_command_block":70,"minecraft:repeating_command_block":1,"minecraft:stripped_oak_log":136,"minecraft:white_concrete":10,"minecraft:warped_button":10,"minecraft:splash_potion":10,"securitycraft:whitelist_module":5,"minecraft:cobweb":35,"minecraft:smooth_stone":1},"minecraft:killed":{"minecraft:drowned":1,"minecraft:tropical_fish":1,"minecraft:strider":2},"minecraft:picked_up":{"minecraft:wheat":1,"minecraft:splash_potion":1,"minecraft:leather_leggings":4,"maniac_weapons:benzopila":38,"minecraft:diamond_sword":10,"maniac_weapons:baton":607,"minecraft:string":18,"minecraft:elytra":7,"minecraft:iron_axe":1,"minecraft:acacia_door":6,"minecraft:flint_and_steel":9,"minecraft:white_stained_glass":2,"minecraft:oak_sign":7,"maniac_weapons:firstaidkit_2":3,"securitycraft:keycard_lv1":1,"minecraft:written_book":2209,"minecraft:minecart":1,"securitycraft:keycard_lv3":1,"securitycraft:keycard_lv5":3205,"securitycraft:camera_monitor":10,"minecraft:porkchop":2,"securitycraft:lens":67,"minecraft:trident":1,"minecraft:blue_carpet":1,"minecraft:goat_horn":1,"minecraft:command_block":2,"minecraft:repeating_command_block":2,"minecraft:arrow":6528,"minecraft:rotten_flesh":2,"minecraft:tropical_fish":1,"minecraft:diamond_boots":1,"minecraft:totem_of_undying":61,"minecraft:saddle":2,"minecraft:bookshelf":1,"securitycraft:keycard_lv2":1,"minecraft:wet_sponge":1,"minecraft:sponge":1,"minecraft:stripped_oak_log":1,"minecraft:netherite_boots":2,"securitycraft:admin_tool":2,"maniac_weapons:bat":4,"minecraft:leather_chestplate":3,"minecraft:jungle_button":1,"minecraft:netherite_leggings":2,"minecraft:paper":6,"minecraft:piglin_head":2,"minecraft:leather_boots":4,"minecraft:wheat_seeds":2,"minecraft:bamboo":2,"minecraft:oak_planks":1,"minecraft:chain_command_block":1,"minecraft:pig_spawn_egg":2,"minecraft:stripped_spruce_log":3,"securitycraft:limited_use_keycard":1,"minecraft:leather_helmet":4,"securitycraft:whitelist_module":3,"minecraft:firework_rocket":728,"minecraft:diamond":9,"minecraft:stripped_jungle_wood":1,"minecraft:crossbow":105,"minecraft:painting":14,"securitycraft:keycard_lv4":1,"minecraft:nether_star":1}},"DataVersion":3465}