{"stats":{"minecraft:custom":{"minecraft:open_barrel":1,"minecraft:time_since_rest":5346,"minecraft:open_chest":46,"minecraft:crouch_one_cm":4838,"minecraft:walk_one_cm":197359,"minecraft:play_time":92982,"minecraft:sprint_one_cm":419207,"minecraft:open_enderchest":1,"minecraft:damage_taken":2718,"minecraft:deaths":9,"minecraft:sneak_time":5224,"minecraft:mob_kills":1,"minecraft:drop":1,"minecraft:interact_with_lectern":25,"minecraft:jump":752,"minecraft:damage_dealt":703,"minecraft:leave_game":1,"minecraft:time_since_death":5345,"minecraft:total_world_time":92982,"minecraft:damage_resisted":797,"minecraft:player_kills":6,"minecraft:fall_one_cm":30442,"minecraft:fly_one_cm":220714},"minecraft:killed_by":{"minecraft:player":6},"minecraft:used":{"minecraft:leather_leggings":10,"minecraft:wooden_sword":20,"cgm:pistol":30,"minecraft:leather_boots":10},"minecraft:killed":{"minecraft:pig":1},"minecraft:dropped":{"minecraft:stick":1},"minecraft:picked_up":{"minecraft:stick":1,"minecraft:music_disc_relic":1}},"DataVersion":3465}