{
	"credit": "Made with Blockbench",
	"textures": {
		"0": "./texture",
		"particle": "./texture"
	},
	"elements": [
		{
			"from": [7.5, 6, 16.25],
			"to": [8.5, 6.9, 17.05],
			"rotation": {"angle": 0, "axis": "y", "origin": [0, 6, 7]},
			"faces": {
				"north": {"uv": [7, 13, 8, 14], "texture": "#0"},
				"east": {"uv": [7, 12, 9, 13], "texture": "#0"},
				"south": {"uv": [7, 14, 8, 15], "texture": "#0"},
				"west": {"uv": [7, 12, 9, 13], "texture": "#0"},
				"up": {"uv": [7, 13, 8, 15], "texture": "#0"},
				"down": {"uv": [8, 13, 9, 15], "texture": "#0"}
			}
		},
		{
			"from": [7.5, 7, 16.25],
			"to": [8.5, 7.9, 17.05],
			"rotation": {"angle": 0, "axis": "y", "origin": [0, 6, 7]},
			"faces": {
				"north": {"uv": [7, 13, 8, 14], "texture": "#0"},
				"east": {"uv": [7, 12, 9, 13], "texture": "#0"},
				"south": {"uv": [7, 14, 8, 15], "texture": "#0"},
				"west": {"uv": [7, 12, 9, 13], "texture": "#0"},
				"up": {"uv": [7, 13, 8, 15], "texture": "#0"},
				"down": {"uv": [8, 13, 9, 15], "texture": "#0"}
			}
		},
		{
			"from": [7.5, 8, 16.25],
			"to": [8.5, 8.9, 17.05],
			"rotation": {"angle": 0, "axis": "y", "origin": [0, 6, 7]},
			"faces": {
				"north": {"uv": [7, 13, 8, 14], "texture": "#0"},
				"east": {"uv": [7, 12, 9, 13], "texture": "#0"},
				"south": {"uv": [7, 14, 8, 15], "texture": "#0"},
				"west": {"uv": [7, 12, 9, 13], "texture": "#0"},
				"up": {"uv": [7, 13, 8, 15], "texture": "#0"},
				"down": {"uv": [8, 13, 9, 15], "texture": "#0"}
			}
		},
		{
			"from": [7.5, 9, 16.25],
			"to": [8.5, 9.9, 17.05],
			"rotation": {"angle": 0, "axis": "y", "origin": [0, 6, 7]},
			"faces": {
				"north": {"uv": [7, 13, 8, 14], "texture": "#0"},
				"east": {"uv": [7, 12, 9, 13], "texture": "#0"},
				"south": {"uv": [7, 14, 8, 15], "texture": "#0"},
				"west": {"uv": [7, 12, 9, 13], "texture": "#0"},
				"up": {"uv": [7, 13, 8, 15], "texture": "#0"},
				"down": {"uv": [8, 13, 9, 15], "texture": "#0"}
			}
		},
		{
			"from": [7.25, 9, 14.25],
			"to": [8.75, 9.9, 15.25],
			"rotation": {"angle": 0, "axis": "y", "origin": [0, 6, 7]},
			"faces": {
				"north": {"uv": [4, 6, 5, 7], "texture": "#0"},
				"east": {"uv": [1, 4, 3, 5], "texture": "#0"},
				"south": {"uv": [3, 5, 4, 6], "texture": "#0"},
				"west": {"uv": [0, 0, 2, 1], "texture": "#0"},
				"up": {"uv": [4, 5, 5, 7], "texture": "#0"},
				"down": {"uv": [5, 7, 6, 9], "texture": "#0"}
			}
		},
		{
			"from": [7.5, 9, 14],
			"to": [8.5, 10, 16],
			"rotation": {"angle": 0, "axis": "y", "origin": [0, 6, 7]},
			"faces": {
				"north": {"uv": [8, 14, 9, 15], "texture": "#0"},
				"east": {"uv": [7, 13, 9, 14], "texture": "#0"},
				"south": {"uv": [8, 13, 9, 14], "texture": "#0"},
				"west": {"uv": [7, 15, 9, 16], "texture": "#0"},
				"up": {"uv": [8, 13, 9, 15], "texture": "#0"},
				"down": {"uv": [8, 13, 9, 15], "texture": "#0"}
			}
		},
		{
			"from": [7.8, 6.5, 8.5],
			"to": [8.3, 8, 9.5],
			"rotation": {"angle": 0, "axis": "y", "origin": [0, 6, 7]},
			"faces": {
				"north": {"uv": [7, 14, 9, 15.5], "texture": "#0"},
				"east": {"uv": [7, 14, 8, 15.5], "texture": "#0"},
				"south": {"uv": [7, 15, 9, 16.5], "texture": "#0"},
				"west": {"uv": [7, 14, 8, 15.5], "texture": "#0"},
				"up": {"uv": [7, 14, 9, 15], "texture": "#0"},
				"down": {"uv": [7, 14, 9, 15], "texture": "#0"}
			}
		},
		{
			"from": [7.25, 7, 7],
			"to": [8.75, 9, 8],
			"rotation": {"angle": 22.5, "axis": "x", "origin": [8, 7, 7]},
			"faces": {
				"north": {"uv": [0, 13, 2, 16], "rotation": 180, "texture": "#0"},
				"east": {"uv": [0, 15, 3, 15.5], "rotation": 270, "texture": "#0"},
				"south": {"uv": [0, 13, 2, 16], "texture": "#0"},
				"west": {"uv": [0, 15, 3, 15.5], "rotation": 90, "texture": "#0"},
				"up": {"uv": [0, 15, 2, 15.5], "rotation": 180, "texture": "#0"},
				"down": {"uv": [0, 15, 2, 15.5], "texture": "#0"}
			}
		},
		{
			"from": [7, 6.5, 7.5],
			"to": [9, 8, 8.5],
			"rotation": {"angle": 0, "axis": "y", "origin": [0, 6, 7]},
			"faces": {
				"north": {"uv": [0, 15, 2, 16.5], "texture": "#0"},
				"east": {"uv": [1, 14, 2, 15.5], "texture": "#0"},
				"south": {"uv": [1, 14, 3, 15.5], "texture": "#0"},
				"west": {"uv": [5, 13, 6, 14.5], "texture": "#0"},
				"up": {"uv": [1, 14, 3, 15], "texture": "#0"},
				"down": {"uv": [2, 14, 4, 15], "texture": "#0"}
			}
		},
		{
			"from": [7.25, 4.5, 7],
			"to": [8.75, 7, 8.5],
			"rotation": {"angle": 22.5, "axis": "x", "origin": [8, 7, 7]},
			"faces": {
				"north": {"uv": [0, 13, 2, 16], "rotation": 180, "texture": "#0"},
				"east": {"uv": [0, 15, 3, 15.5], "rotation": 270, "texture": "#0"},
				"south": {"uv": [0, 13, 2, 16], "texture": "#0"},
				"west": {"uv": [0, 15, 3, 15.5], "rotation": 90, "texture": "#0"},
				"up": {"uv": [0, 15, 2, 15.5], "rotation": 180, "texture": "#0"},
				"down": {"uv": [0, 15, 2, 15.5], "texture": "#0"}
			}
		},
		{
			"from": [7, 6, 11],
			"to": [9, 8, 16],
			"rotation": {"angle": 0, "axis": "y", "origin": [0, 6, 7]},
			"faces": {
				"north": {"uv": [0, 0, 2, 2], "texture": "#0"},
				"east": {"uv": [0, 0, 5, 2], "texture": "#0"},
				"south": {"uv": [0, 0, 2, 2], "texture": "#0"},
				"west": {"uv": [0, 0, 5, 2], "texture": "#0"},
				"up": {"uv": [0, 0, 2, 5], "texture": "#0"},
				"down": {"uv": [0, 0, 2, 5], "texture": "#0"}
			}
		},
		{
			"from": [7, 8, 14],
			"to": [9, 9, 16],
			"rotation": {"angle": 0, "axis": "y", "origin": [0, 6, 7]},
			"faces": {
				"north": {"uv": [0, 0, 2, 1], "texture": "#0"},
				"east": {"uv": [0, 0, 2, 1], "texture": "#0"},
				"south": {"uv": [0, 0, 2, 1], "texture": "#0"},
				"west": {"uv": [0, 0, 2, 1], "texture": "#0"},
				"up": {"uv": [0, 0, 2, 2], "texture": "#0"},
				"down": {"uv": [0, 0, 2, 2], "texture": "#0"}
			}
		},
		{
			"from": [7, 6, 8],
			"to": [9, 6.5, 11],
			"rotation": {"angle": 0, "axis": "y", "origin": [0, 6, 7]},
			"faces": {
				"north": {"uv": [0, 15, 2, 15.5], "texture": "#0"},
				"east": {"uv": [0, 15, 3, 15.5], "texture": "#0"},
				"south": {"uv": [0, 15, 2, 15.5], "texture": "#0"},
				"west": {"uv": [0, 15, 3, 15.5], "texture": "#0"},
				"up": {"uv": [0, 13, 2, 16], "texture": "#0"},
				"down": {"uv": [0, 13, 2, 16], "texture": "#0"}
			}
		},
		{
			"from": [7, 6, 16],
			"to": [9, 10, 16.5],
			"rotation": {"angle": 0, "axis": "y", "origin": [0, 6, 7]},
			"faces": {
				"north": {"uv": [0, 0, 2, 4], "texture": "#0"},
				"east": {"uv": [0, 0, 0.5, 4], "texture": "#0"},
				"south": {"uv": [0, 0, 2, 4], "texture": "#0"},
				"west": {"uv": [0, 0, 0.5, 4], "texture": "#0"},
				"up": {"uv": [0, 0, 2, 0.5], "texture": "#0"},
				"down": {"uv": [0, 0, 2, 0.5], "texture": "#0"}
			}
		},
		{
			"from": [7, 8, 7],
			"to": [9, 10, 14],
			"rotation": {"angle": 0, "axis": "y", "origin": [0, 6, 7]},
			"faces": {
				"north": {"uv": [0, 0, 2, 2], "texture": "#0"},
				"east": {"uv": [0, 0, 7, 2], "texture": "#0"},
				"south": {"uv": [0, 0, 2, 2], "texture": "#0"},
				"west": {"uv": [0, 0, 7, 2], "texture": "#0"},
				"up": {"uv": [0, 0, 2, 7], "texture": "#0"},
				"down": {"uv": [0, 0, 2, 7], "texture": "#0"}
			}
		},
		{
			"from": [7.75, 6.25, 17.25],
			"to": [8.25, 6.75, 17.75],
			"rotation": {"angle": 0, "axis": "y", "origin": [0, 6, 7]},
			"faces": {
				"north": {"uv": [7, 11, 8, 12], "texture": "#0"},
				"east": {"uv": [7, 11, 9, 12], "texture": "#0"},
				"south": {"uv": [7, 11, 8, 12], "texture": "#0"},
				"west": {"uv": [7, 11, 9, 12], "texture": "#0"},
				"up": {"uv": [7, 10, 8, 12], "texture": "#0"},
				"down": {"uv": [8, 10, 9, 12], "texture": "#0"}
			}
		},
		{
			"from": [7.75, 6.25, 15.25],
			"to": [8.25, 6.75, 17.25],
			"rotation": {"angle": 0, "axis": "y", "origin": [0, 6, 7]},
			"faces": {
				"north": {"uv": [6, 11, 7, 12], "texture": "#0"},
				"east": {"uv": [5, 11, 7, 12], "texture": "#0"},
				"south": {"uv": [6, 11, 7, 12], "texture": "#0"},
				"west": {"uv": [5, 11, 7, 12], "texture": "#0"},
				"up": {"uv": [6, 10, 7, 12], "texture": "#0"},
				"down": {"uv": [6, 10, 7, 12], "texture": "#0"}
			}
		},
		{
			"from": [7.75, 7.25, 17.25],
			"to": [8.25, 7.75, 17.75],
			"rotation": {"angle": 0, "axis": "y", "origin": [0, 6, 7]},
			"faces": {
				"north": {"uv": [7, 11, 8, 12], "texture": "#0"},
				"east": {"uv": [7, 11, 9, 12], "texture": "#0"},
				"south": {"uv": [7, 11, 8, 12], "texture": "#0"},
				"west": {"uv": [7, 11, 9, 12], "texture": "#0"},
				"up": {"uv": [7, 10, 8, 12], "texture": "#0"},
				"down": {"uv": [8, 10, 9, 12], "texture": "#0"}
			}
		},
		{
			"from": [7.75, 7.25, 15.25],
			"to": [8.25, 7.75, 17.25],
			"rotation": {"angle": 0, "axis": "y", "origin": [0, 6, 7]},
			"faces": {
				"north": {"uv": [6, 11, 7, 12], "texture": "#0"},
				"east": {"uv": [5, 11, 7, 12], "texture": "#0"},
				"south": {"uv": [6, 11, 7, 12], "texture": "#0"},
				"west": {"uv": [5, 11, 7, 12], "texture": "#0"},
				"up": {"uv": [6, 10, 7, 12], "texture": "#0"},
				"down": {"uv": [6, 10, 7, 12], "texture": "#0"}
			}
		},
		{
			"from": [7.75, 8.25, 17.25],
			"to": [8.25, 8.75, 17.75],
			"rotation": {"angle": 0, "axis": "y", "origin": [0, 6, 7]},
			"faces": {
				"north": {"uv": [7, 11, 8, 12], "texture": "#0"},
				"east": {"uv": [7, 11, 9, 12], "texture": "#0"},
				"south": {"uv": [7, 11, 8, 12], "texture": "#0"},
				"west": {"uv": [7, 11, 9, 12], "texture": "#0"},
				"up": {"uv": [7, 10, 8, 12], "texture": "#0"},
				"down": {"uv": [8, 10, 9, 12], "texture": "#0"}
			}
		},
		{
			"from": [7.75, 8.25, 15.25],
			"to": [8.25, 8.75, 17.25],
			"rotation": {"angle": 0, "axis": "y", "origin": [0, 6, 7]},
			"faces": {
				"north": {"uv": [6, 11, 7, 12], "texture": "#0"},
				"east": {"uv": [5, 11, 7, 12], "texture": "#0"},
				"south": {"uv": [6, 11, 7, 12], "texture": "#0"},
				"west": {"uv": [5, 11, 7, 12], "texture": "#0"},
				"up": {"uv": [6, 10, 7, 12], "texture": "#0"},
				"down": {"uv": [6, 10, 7, 12], "texture": "#0"}
			}
		},
		{
			"from": [7.75, 9, 3],
			"to": [8.25, 9.5, 7],
			"rotation": {"angle": 0, "axis": "y", "origin": [-7, 0, 0]},
			"faces": {
				"north": {"uv": [8, 14, 9, 15], "texture": "#0"},
				"east": {"uv": [7, 13, 9, 14], "texture": "#0"},
				"south": {"uv": [8, 13, 9, 14], "texture": "#0"},
				"west": {"uv": [7, 15, 9, 16], "texture": "#0"},
				"up": {"uv": [8, 13, 9, 15], "texture": "#0"},
				"down": {"uv": [8, 13, 9, 15], "texture": "#0"}
			}
		},
		{
			"from": [7, 9, 2.5],
			"to": [9, 9.5, 3],
			"rotation": {"angle": 0, "axis": "y", "origin": [-7, 0, 0]},
			"faces": {
				"north": {"uv": [8, 14, 9, 15], "texture": "#0"},
				"east": {"uv": [7, 13, 9, 14], "texture": "#0"},
				"south": {"uv": [8, 13, 9, 14], "texture": "#0"},
				"west": {"uv": [7, 15, 9, 16], "texture": "#0"},
				"up": {"uv": [8, 13, 9, 15], "texture": "#0"},
				"down": {"uv": [8, 13, 9, 15], "texture": "#0"}
			}
		},
		{
			"from": [7.75, 9.25, 17.25],
			"to": [8.25, 9.75, 17.75],
			"rotation": {"angle": 0, "axis": "y", "origin": [0, 6, 7]},
			"faces": {
				"north": {"uv": [7, 11, 8, 12], "texture": "#0"},
				"east": {"uv": [7, 11, 9, 12], "texture": "#0"},
				"south": {"uv": [7, 11, 8, 12], "texture": "#0"},
				"west": {"uv": [7, 11, 9, 12], "texture": "#0"},
				"up": {"uv": [7, 10, 8, 12], "texture": "#0"},
				"down": {"uv": [8, 10, 9, 12], "texture": "#0"}
			}
		},
		{
			"from": [7.75, 9.25, 15.25],
			"to": [8.25, 9.75, 17.25],
			"rotation": {"angle": 0, "axis": "y", "origin": [0, 6, 7]},
			"faces": {
				"north": {"uv": [6, 11, 7, 12], "texture": "#0"},
				"east": {"uv": [5, 11, 7, 12], "texture": "#0"},
				"south": {"uv": [6, 11, 7, 12], "texture": "#0"},
				"west": {"uv": [5, 11, 7, 12], "texture": "#0"},
				"up": {"uv": [6, 10, 7, 12], "texture": "#0"},
				"down": {"uv": [6, 10, 7, 12], "texture": "#0"}
			}
		},
		{
			"from": [7.75, 9.25, 16.25],
			"to": [8.25, 9.75, 16.75],
			"rotation": {"angle": 0, "axis": "y", "origin": [0, 6, 7]},
			"faces": {
				"north": {"uv": [7, 12, 8, 13], "texture": "#0"},
				"east": {"uv": [7, 12, 9, 13], "texture": "#0"},
				"south": {"uv": [7, 12, 8, 13], "texture": "#0"},
				"west": {"uv": [7, 12, 9, 13], "texture": "#0"},
				"up": {"uv": [7, 12, 8, 14], "texture": "#0"},
				"down": {"uv": [7, 12, 8, 14], "texture": "#0"}
			}
		},
		{
			"from": [7.75, 9.25, 14.25],
			"to": [8.25, 9.75, 16.25],
			"rotation": {"angle": 0, "axis": "y", "origin": [0, 6, 7]},
			"faces": {
				"north": {"uv": [9, 12, 10, 13], "texture": "#0"},
				"east": {"uv": [9, 12, 11, 13], "texture": "#0"},
				"south": {"uv": [10, 13, 11, 14], "texture": "#0"},
				"west": {"uv": [9, 13, 11, 14], "texture": "#0"},
				"up": {"uv": [10, 13, 11, 15], "texture": "#0"},
				"down": {"uv": [9, 13, 10, 15], "texture": "#0"}
			}
		},
		{
			"from": [7.15, 5, 6.95],
			"to": [8.85, 7, 8.55],
			"rotation": {"angle": 22.5, "axis": "x", "origin": [8, 7, 7]},
			"faces": {
				"north": {"uv": [14, 12, 16, 15], "rotation": 180, "texture": "#0"},
				"east": {"uv": [13, 15, 16, 15.5], "rotation": 270, "texture": "#0"},
				"south": {"uv": [13, 13, 15, 16], "texture": "#0"},
				"west": {"uv": [13, 15, 16, 15.5], "rotation": 90, "texture": "#0"},
				"up": {"uv": [14, 15, 16, 15.5], "rotation": 180, "texture": "#0"},
				"down": {"uv": [14, 14, 16, 14.5], "texture": "#0"}
			}
		}
	],
	"display": {
		"thirdperson_righthand": {
			"rotation": [0, -180, 0]
		},
		"thirdperson_lefthand": {
			"rotation": [0, -180, 0]
		},
		"firstperson_righthand": {
			"rotation": [0, -180, 0],
			"translation": [1, 3, 2.25]
		},
		"firstperson_lefthand": {
			"rotation": [0, -180, 0]
		},
		"ground": {
			"translation": [0, 0, -3.25]
		},
		"gui": {
			"rotation": [30, 225, 0],
			"translation": [1.5, 0, 0],
			"scale": [1.4, 1.4, 1.4]
		},
		"head": {
			"rotation": [0, 87, 0],
			"translation": [-18.25, 0.75, -0.5]
		},
		"fixed": {
			"rotation": [0, 90, 0],
			"translation": [-4, 0, -1],
			"scale": [1.5, 1.5, 1.5]
		}
	},
	"groups": [
		{
			"name": "основа",
			"origin": [0, 0, 0],
			"color": 0,
			"children": [
				{
					"name": "group",
					"origin": [0, 6, 7],
					"color": 0,
					"children": [0, 1, 2, 3]
				},
				4,
				5,
				6,
				7,
				8,
				9,
				10,
				11,
				12,
				13,
				14,
				{
					"name": "group",
					"origin": [0, 6, 7],
					"color": 0,
					"children": [15, 16]
				},
				{
					"name": "group",
					"origin": [0, 6, 7],
					"color": 0,
					"children": [17, 18]
				},
				{
					"name": "group",
					"origin": [0, 6, 7],
					"color": 0,
					"children": [19, 20]
				}
			]
		},
		{
			"name": "взвод",
			"origin": [-7, 0, 0],
			"color": 0,
			"children": [21, 22]
		},
		{
			"name": "дарты",
			"origin": [0, 6, 7],
			"color": 0,
			"children": [
				{
					"name": "обычный дарт",
					"origin": [0, 6, 7],
					"color": 0,
					"children": [23, 24]
				},
				{
					"name": "мега дарт",
					"origin": [0, 6, 7],
					"color": 0,
					"children": [25, 26]
				}
			]
		},
		27
	]
}