{
	"credit": "Made with Blockbench",
	"texture_size": [64, 64],
	"textures": {
		"0": "./richard",
		"particle": "./richard"
	},
	"elements": [
		{
			"from": [7.5, 2, 2.5],
			"to": [8.5, 4, 4.5],
			"rotation": {"angle": 0, "axis": "y", "origin": [6.5, 2, 2.5]},
			"faces": {
				"north": {"uv": [2.75, 5.5, 3, 6], "texture": "#0"},
				"east": {"uv": [2.75, 4.5, 3.25, 5], "texture": "#0"},
				"south": {"uv": [3, 5.5, 3.25, 6], "texture": "#0"},
				"west": {"uv": [2.75, 5, 3.25, 5.5], "texture": "#0"},
				"up": {"uv": [7.25, 8, 7, 7.5], "texture": "#0"},
				"down": {"uv": [7.5, 7.5, 7.25, 8], "texture": "#0"}
			}
		},
		{
			"from": [7.5, 1, 1.5],
			"to": [8.5, 4, 2.5],
			"rotation": {"angle": 0, "axis": "y", "origin": [7.5, 2, 1.5]},
			"faces": {
				"north": {"uv": [6, 7.5, 6.25, 8.25], "texture": "#0"},
				"east": {"uv": [6.25, 7.5, 6.5, 8.25], "texture": "#0"},
				"south": {"uv": [6.5, 7.5, 6.75, 8.25], "texture": "#0"},
				"west": {"uv": [6.75, 7.5, 7, 8.25], "texture": "#0"},
				"up": {"uv": [2.25, 6, 2, 5.75], "texture": "#0"},
				"down": {"uv": [2.5, 5.75, 2.25, 6], "texture": "#0"}
			}
		},
		{
			"from": [4, 0, 4],
			"to": [12, 8, 12],
			"faces": {
				"north": {"uv": [3.25, 0, 5.25, 2], "texture": "#0"},
				"east": {"uv": [3.25, 2, 5.25, 4], "texture": "#0"},
				"south": {"uv": [3.25, 4, 5.25, 6], "texture": "#0"},
				"west": {"uv": [0, 4.5, 2, 6.5], "texture": "#0"},
				"up": {"uv": [7.25, 2, 5.25, 0], "texture": "#0"},
				"down": {"uv": [7.25, 2, 5.25, 4], "texture": "#0"}
			}
		},
		{
			"from": [4, 2, 4],
			"to": [4, 5, 12],
			"rotation": {"angle": -22.5, "axis": "z", "origin": [4, 5, 0]},
			"faces": {
				"north": {"uv": [0, 0, 0, 0.75], "texture": "#0"},
				"east": {"uv": [6, 6, 8, 6.75], "texture": "#0"},
				"south": {"uv": [0, 0, 0, 0.75], "texture": "#0"},
				"west": {"uv": [0, 6.5, 2, 7.25], "texture": "#0"},
				"up": {"uv": [0, 2, 0, 0], "texture": "#0"},
				"down": {"uv": [0, 0, 0, 2], "texture": "#0"}
			}
		},
		{
			"from": [3.75, 2.75, 3.5],
			"to": [12.25, 6.25, 3.5],
			"rotation": {"angle": 0, "axis": "y", "origin": [16, 6, 3.5]},
			"faces": {
				"north": {"uv": [0, 8, 2, 8.75], "texture": "#0"},
				"east": {"uv": [0, 0, 0, 0.75], "texture": "#0"},
				"south": {"uv": [2, 8, 4, 8.75], "texture": "#0"},
				"west": {"uv": [0, 0, 0, 0.75], "texture": "#0"},
				"up": {"uv": [0, 2, 0, 0], "rotation": 90, "texture": "#0"},
				"down": {"uv": [0, 0, 0, 2], "rotation": 270, "texture": "#0"}
			}
		},
		{
			"from": [4, -1, 3],
			"to": [4, 3, 11],
			"rotation": {"angle": -22.5, "axis": "z", "origin": [4, 2, -1]},
			"faces": {
				"north": {"uv": [0, 0, 0, 1], "texture": "#0"},
				"east": {"uv": [2, 6, 4, 7], "texture": "#0"},
				"south": {"uv": [0, 0, 0, 1], "texture": "#0"},
				"west": {"uv": [4, 6, 6, 7], "texture": "#0"},
				"up": {"uv": [0, 2, 0, 0], "texture": "#0"},
				"down": {"uv": [0, 0, 0, 2], "texture": "#0"}
			}
		},
		{
			"from": [12, -1, 3],
			"to": [12, 3, 11],
			"rotation": {"angle": 22.5, "axis": "z", "origin": [12, 2, -1]},
			"faces": {
				"north": {"uv": [0, 0, 0, 1], "texture": "#0"},
				"east": {"uv": [5.25, 4, 7.25, 5], "texture": "#0"},
				"south": {"uv": [0, 0, 0, 1], "texture": "#0"},
				"west": {"uv": [5.25, 5, 7.25, 6], "texture": "#0"},
				"up": {"uv": [0, 2, 0, 0], "texture": "#0"},
				"down": {"uv": [0, 0, 0, 2], "texture": "#0"}
			}
		},
		{
			"from": [12, 2, 4],
			"to": [12, 5, 12],
			"rotation": {"angle": 22.5, "axis": "z", "origin": [12, 5, 0]},
			"faces": {
				"north": {"uv": [0, 0, 0, 0.75], "texture": "#0"},
				"east": {"uv": [6, 6.75, 8, 7.5], "texture": "#0"},
				"south": {"uv": [0, 0, 0, 0.75], "texture": "#0"},
				"west": {"uv": [2, 7, 4, 7.75], "texture": "#0"},
				"up": {"uv": [0, 2, 0, 0], "texture": "#0"},
				"down": {"uv": [0, 0, 0, 2], "texture": "#0"}
			}
		},
		{
			"from": [4, 1, 12],
			"to": [12, 4, 12],
			"rotation": {"angle": -22.5, "axis": "x", "origin": [16, 4, 12]},
			"faces": {
				"north": {"uv": [4, 7, 6, 7.75], "texture": "#0"},
				"east": {"uv": [0, 0, 0, 0.75], "texture": "#0"},
				"south": {"uv": [0, 7.25, 2, 8], "texture": "#0"},
				"west": {"uv": [0, 0, 0, 0.75], "texture": "#0"},
				"up": {"uv": [2, 0, 0, 0], "texture": "#0"},
				"down": {"uv": [2, 0, 0, 0], "texture": "#0"}
			}
		},
		{
			"from": [8.5, -3, 2.5],
			"to": [8.5, 2, 5.5],
			"rotation": {"angle": 22.5, "axis": "z", "origin": [8.5, 2, 2.5]},
			"faces": {
				"north": {"uv": [0, 0, 0, 1.25], "texture": "#0"},
				"east": {"uv": [7.25, 1.25, 8, 2.5], "texture": "#0"},
				"south": {"uv": [0, 0, 0, 1.25], "texture": "#0"},
				"west": {"uv": [7.25, 2.5, 8, 3.75], "texture": "#0"},
				"up": {"uv": [0, 0.75, 0, 0], "texture": "#0"},
				"down": {"uv": [0, 0, 0, 0.75], "texture": "#0"}
			}
		},
		{
			"from": [7.5, -3, 2.5],
			"to": [7.5, 2, 5.5],
			"rotation": {"angle": -22.5, "axis": "z", "origin": [7.5, 2, 2.5]},
			"faces": {
				"north": {"uv": [0, 0, 0, 1.25], "texture": "#0"},
				"east": {"uv": [2, 4.5, 2.75, 5.75], "texture": "#0"},
				"south": {"uv": [0, 0, 0, 1.25], "texture": "#0"},
				"west": {"uv": [7.25, 0, 8, 1.25], "texture": "#0"},
				"up": {"uv": [0, 0.75, 0, 0], "texture": "#0"},
				"down": {"uv": [0, 0, 0, 0.75], "texture": "#0"}
			}
		},
		{
			"from": [6.5, -3.5, 4.25],
			"to": [9.5, 0.5, 4.25],
			"rotation": {"angle": 22.5, "axis": "x", "origin": [6.5, 0.5, 4.25]},
			"faces": {
				"north": {"uv": [7.25, 3.75, 8, 4.75], "texture": "#0"},
				"east": {"uv": [0, 0, 0, 1], "texture": "#0"},
				"south": {"uv": [7.25, 4.75, 8, 5.75], "texture": "#0"},
				"west": {"uv": [0, 0, 0, 1], "texture": "#0"},
				"up": {"uv": [0.75, 0, 0, 0], "texture": "#0"},
				"down": {"uv": [0.75, 0, 0, 0], "texture": "#0"}
			}
		},
		{
			"from": [8, 4, 1],
			"to": [8, 13, 14],
			"faces": {
				"north": {"uv": [0, 0, 0, 2.25], "texture": "#0"},
				"east": {"uv": [0, 0, 3.25, 2.25], "texture": "#0"},
				"south": {"uv": [0, 0, 0, 2.25], "texture": "#0"},
				"west": {"uv": [0, 2.25, 3.25, 4.5], "texture": "#0"},
				"up": {"uv": [0, 3.25, 0, 0], "texture": "#0"},
				"down": {"uv": [0, 0, 0, 3.25], "texture": "#0"}
			}
		}
	],
	"gui_light": "front",
	"display": {
		"thirdperson_righthand": {
			"rotation": [39.25, 0, 0],
			"translation": [0, 5.25, 2.5],
			"scale": [0.7, 0.7, 0.7]
		},
		"thirdperson_lefthand": {
			"rotation": [39.25, 0, 0],
			"translation": [0, 5.25, 2.5],
			"scale": [0.7, 0.7, 0.7]
		},
		"firstperson_righthand": {
			"rotation": [168.25, 45.5, -180],
			"translation": [4.75, 4, -7.5]
		},
		"firstperson_lefthand": {
			"rotation": [168.25, 45.5, -180],
			"translation": [4.75, 4, -7.5]
		},
		"ground": {
			"rotation": [90, 90, 0],
			"scale": [0.7, 0.7, 0.7]
		},
		"gui": {
			"rotation": [-148.74, 48.62, 164.24],
			"translation": [0, 3.25, 0]
		},
		"head": {
			"translation": [0, 8.25, 0],
			"scale": [1.81, 1.81, 1.81]
		},
		"fixed": {
			"translation": [0, 7, -1.75],
			"scale": [1.8, 1.8, 1.8]
		}
	},
	"groups": [
		{
			"name": "Основная голова",
			"origin": [0, 0, 0],
			"color": 0,
			"nbt": "{}",
			"children": [0, 1, 2]
		},
		{
			"name": "Перья",
			"origin": [16, 4, 12],
			"color": 0,
			"nbt": "{}",
			"children": [3, 4, 5, 6, 7, 8]
		},
		{
			"name": "Красное(Гребень)",
			"origin": [0, 0, 0],
			"color": 0,
			"nbt": "{}",
			"children": [9, 10, 11, 12]
		}
	]
}